Data,Descripcio_torn,temperature_2m,precipitation,rain,wind_speed_10m,weather_code
2022-01-01,Matí,9.525,0.0,0.0,7.125,0
2022-01-01,Nit,7.8875,0.0,0.0,5.8,0
2022-01-01,Tarda,13.3,0.0,0.0,8.3,3
2022-01-02,Matí,7.7125,0.0,0.0,4.4625,3
2022-01-02,Nit,7.65,0.0,0.0,6.35,3
2022-01-02,Tarda,11.7125,0.0,0.0,6.6875,3
2022-01-03,Matí,8.775,0.0,0.0,5.6875,3
2022-01-03,Nit,8.0,0.0,0.0,5.8375,3
2022-01-03,Tarda,13.3875,0.0,0.0,12.2125,3
2022-01-04,Matí,10.6875,0.0,0.0,10.225,3
2022-01-04,Nit,9.15,0.0,0.0,8.65,3
2022-01-04,Tarda,14.9375,0.0,0.0,10.5125,3
2022-01-05,Matí,10.2125,1.8,1.8,12.025,53
2022-01-05,Nit,9.1125,2.1,2.1,10.7375,61
2022-01-05,Tarda,10.8625,0.0,0.0,8.625,2
2022-01-06,Matí,4.4125,0.0,0.0,12.7125,0
2022-01-06,Nit,4.2875,0.0,0.0,9.5375,1
2022-01-06,Tarda,9.0375,0.0,0.0,11.475,0
2022-01-07,Matí,3.0625,0.0,0.0,9.1125,1
2022-01-07,Nit,2.7375,0.0,0.0,11.8875,3
2022-01-07,Tarda,9.2375,0.0,0.0,5.987500000000001,2
2022-01-08,Matí,6.9875,0.0,0.0,11.0625,3
2022-01-08,Nit,5.375,0.0,0.0,10.2125,3
2022-01-08,Tarda,11.0,0.0,0.0,11.225,3
2022-01-09,Matí,10.6,0.0,0.0,20.725,3
2022-01-09,Nit,8.05,0.0,0.0,11.5875,3
2022-01-09,Tarda,12.5375,0.0,0.0,14.725,3
2022-01-10,Matí,9.7,1.1,1.1,5.65,51
2022-01-10,Nit,8.65,0.2,0.2,5.9625,51
2022-01-10,Tarda,9.775,1.5,1.5,4.4875,51
2022-01-11,Matí,6.875,0.0,0.0,7.65,3
2022-01-11,Nit,9.675,0.4,0.4,5.475,51
2022-01-11,Tarda,12.6875,0.0,0.0,5.6125,1
2022-01-12,Matí,8.0625,0.0,0.0,7.4375,2
2022-01-12,Nit,9.275,0.1,0.1,6.3,51
2022-01-12,Tarda,10.9,0.0,0.0,11.775,2
2022-01-13,Matí,3.9625,0.0,0.0,6.7625,0
2022-01-13,Nit,3.675,0.0,0.0,7.0,0
2022-01-13,Tarda,10.525,0.0,0.0,4.4625,0
2022-01-14,Matí,4.6,0.0,0.0,8.5875,0
2022-01-14,Nit,2.8875,0.0,0.0,9.025,0
2022-01-14,Tarda,10.5125,0.0,0.0,5.775,0
2022-01-15,Matí,4.6125,0.0,0.0,13.6375,0
2022-01-15,Nit,2.575,0.0,0.0,11.9125,0
2022-01-15,Tarda,10.200000000000001,0.0,0.0,7.9875,0
2022-01-16,Matí,3.95,0.0,0.0,8.5625,0
2022-01-16,Nit,1.9,0.0,0.0,11.6875,0
2022-01-16,Tarda,10.35,0.0,0.0,5.4875,0
2022-01-17,Matí,4.65,0.0,0.0,12.5375,3
2022-01-17,Nit,2.7875,0.0,0.0,12.875,0
2022-01-17,Tarda,11.1875,0.0,0.0,9.5,0
2022-01-18,Matí,5.25,0.0,0.0,11.4625,0
2022-01-18,Nit,3.1125,0.0,0.0,12.1625,0
2022-01-18,Tarda,10.15,0.0,0.0,10.6875,0
2022-01-19,Matí,3.8875,0.0,0.0,6.9375,3
2022-01-19,Nit,3.9375,0.1,0.1,6.375,51
2022-01-19,Tarda,10.6625,0.0,0.0,7.375,3
2022-01-20,Matí,5.3625,0.0,0.0,8.3125,0
2022-01-20,Nit,5.4625,0.0,0.0,8.075,3
2022-01-20,Tarda,11.1875,0.0,0.0,10.575,1
2022-01-21,Matí,5.925,0.0,0.0,8.575,3
2022-01-21,Nit,5.4125,0.8,0.8,7.575,53
2022-01-21,Tarda,9.85,0.7,0.7,7.125,51
2022-01-22,Matí,3.8625,0.0,0.0,10.3125,0
2022-01-22,Nit,4.95,0.2,0.2,7.9,51
2022-01-22,Tarda,9.275,0.0,0.0,8.875,0
2022-01-23,Matí,4.225,0.0,0.0,6.85,0
2022-01-23,Nit,3.525,0.0,0.0,8.8375,0
2022-01-23,Tarda,10.6125,0.0,0.0,8.6125,0
2022-01-24,Matí,4.3375,0.0,0.0,8.5875,0
2022-01-24,Nit,3.6625,0.0,0.0,8.3875,0
2022-01-24,Tarda,11.0375,0.0,0.0,7.1625,0
2022-01-25,Matí,4.75,0.0,0.0,6.9125,0
2022-01-25,Nit,3.5374999999999996,0.0,0.0,8.2625,0
2022-01-25,Tarda,11.075,0.0,0.0,8.8875,0
2022-01-26,Matí,4.9875,0.0,0.0,6.625,0
2022-01-26,Nit,3.925,0.0,0.0,9.2,0
2022-01-26,Tarda,11.6625,0.0,0.0,8.674999999999999,0
2022-01-27,Matí,6.2,0.0,0.0,9.0625,0
2022-01-27,Nit,4.8625,0.0,0.0,10.7875,0
2022-01-27,Tarda,11.925,0.0,0.0,8.1625,0
2022-01-28,Matí,6.1625,0.0,0.0,11.6375,3
2022-01-28,Nit,4.1375,0.0,0.0,10.4125,0
2022-01-28,Tarda,13.612499999999999,0.0,0.0,6.75,0
2022-01-29,Matí,6.525,0.0,0.0,10.012500000000001,1
2022-01-29,Nit,5.3625,0.0,0.0,11.475,0
2022-01-29,Tarda,12.5,0.0,0.0,7.9625,0
2022-01-30,Matí,6.55,0.0,0.0,9.8375,0
2022-01-30,Nit,4.975,0.0,0.0,9.95,0
2022-01-30,Tarda,14.35,0.0,0.0,5.4625,0
2022-01-31,Matí,6.574999999999999,0.0,0.0,11.3125,2
2022-01-31,Nit,5.7375,0.0,0.0,9.4875,0
2022-01-31,Tarda,11.8125,0.0,0.0,8.3125,2
2022-02-01,Matí,7.9625,0.0,0.0,5.725,3
2022-02-01,Nit,8.6875,0.0,0.0,5.525,1
2022-02-01,Tarda,13.25,0.0,0.0,7.375,2
2022-02-02,Matí,9.8375,0.0,0.0,10.700000000000001,1
2022-02-02,Nit,8.5625,0.0,0.0,8.0375,1
2022-02-02,Tarda,12.6625,0.0,0.0,9.15,0
2022-02-03,Matí,8.325,0.0,0.0,7.5875,3
2022-02-03,Nit,7.375,0.0,0.0,7.1875,3
2022-02-03,Tarda,14.625,0.0,0.0,10.8,3
2022-02-04,Matí,7.9,0.0,0.0,7.425,3
2022-02-04,Nit,9.55,0.1,0.1,5.9375,51
2022-02-04,Tarda,13.3625,0.0,0.0,9.8,3
2022-02-05,Matí,10.2875,0.0,0.0,5.675,3
2022-02-05,Nit,9.95,0.6,0.6,4.3375,53
2022-02-05,Tarda,12.325,0.2,0.2,5.225,51
2022-02-06,Matí,8.55,0.0,0.0,11.2125,3
2022-02-06,Nit,7.7625,0.0,0.0,7.2875,3
2022-02-06,Tarda,12.4125,0.0,0.0,12.375,3
2022-02-07,Matí,7.975,0.0,0.0,12.15,1
2022-02-07,Nit,6.0125,0.0,0.0,8.7125,2
2022-02-07,Tarda,13.45,0.0,0.0,7.4125,3
2022-02-08,Matí,7.675000000000001,0.0,0.0,5.4375,3
2022-02-08,Nit,7.7,0.0,0.0,6.625,2
2022-02-08,Tarda,13.45,0.0,0.0,12.9625,1
2022-02-09,Matí,6.525,0.0,0.0,7.0625,3
2022-02-09,Nit,6.35,0.0,0.0,5.9875,2
2022-02-09,Tarda,12.4875,0.0,0.0,13.262500000000001,0
2022-02-10,Matí,6.3125,0.0,0.0,6.8125,0
2022-02-10,Nit,5.375,0.0,0.0,6.5874999999999995,0
2022-02-10,Tarda,12.45,0.0,0.0,10.9125,0
2022-02-11,Matí,7.8125,0.0,0.0,5.675,3
2022-02-11,Nit,5.975,0.0,0.0,6.3375,2
2022-02-11,Tarda,13.65,0.0,0.0,9.9625,3
2022-02-12,Matí,8.975,0.30000000000000004,0.30000000000000004,7.05,51
2022-02-12,Nit,7.75,2.5,2.5,5.725,61
2022-02-12,Tarda,10.85,1.7999999999999998,1.7999999999999998,6.1625,55
2022-02-13,Matí,11.2625,0.1,0.1,9.05,51
2022-02-13,Nit,9.7625,0.30000000000000004,0.30000000000000004,6.8875,51
2022-02-13,Tarda,13.3875,0.1,0.1,21.3875,51
2022-02-14,Matí,11.9375,0.0,0.0,8.325000000000001,3
2022-02-14,Nit,11.2,0.2,0.2,10.075000000000001,51
2022-02-14,Tarda,13.825,0.2,0.2,13.9625,51
2022-02-15,Matí,8.05,0.0,0.0,12.5625,3
2022-02-15,Nit,7.5125,0.0,0.0,8.8375,3
2022-02-15,Tarda,14.7875,0.0,0.0,10.924999999999999,3
2022-02-16,Matí,8.6625,0.0,0.0,8.1,3
2022-02-16,Nit,7.9,0.0,0.0,9.2125,3
2022-02-16,Tarda,14.3125,0.0,0.0,9.6625,3
2022-02-17,Matí,9.675,0.0,0.0,8.4375,3
2022-02-17,Nit,8.4375,0.0,0.0,6.7625,3
2022-02-17,Tarda,17.075,0.0,0.0,7.3500000000000005,1
2022-02-18,Matí,10.3375,0.0,0.0,9.5,0
2022-02-18,Nit,9.025,0.0,0.0,6.3875,1
2022-02-18,Tarda,16.0125,0.0,0.0,15.674999999999999,3
2022-02-19,Matí,10.7625,0.4,0.4,5.1125,51
2022-02-19,Nit,9.35,0.0,0.0,6.6125,3
2022-02-19,Tarda,11.5125,2.9,2.9,5.0375,53
2022-02-20,Matí,7.7125,0.0,0.0,9.775,0
2022-02-20,Nit,7.4125,0.0,0.0,6.325,2
2022-02-20,Tarda,13.425,0.0,0.0,9.7625,1
2022-02-21,Matí,9.025,0.0,0.0,9.1,2
2022-02-21,Nit,6.8625,0.0,0.0,6.737500000000001,3
2022-02-21,Tarda,16.962500000000002,0.0,0.0,12.225,0
2022-02-22,Matí,9.025,0.0,0.0,8.5375,1
2022-02-22,Nit,8.25,0.0,0.0,8.7,0
2022-02-22,Tarda,13.3625,0.0,0.0,9.0,1
2022-02-23,Matí,8.6875,0.0,0.0,6.8125,0
2022-02-23,Nit,7.7625,0.0,0.0,6.575,3
2022-02-23,Tarda,14.2625,0.0,0.0,15.1625,3
2022-02-24,Matí,10.5125,0.0,0.0,6.0375,3
2022-02-24,Nit,9.6625,0.0,0.0,5.7,3
2022-02-24,Tarda,14.8875,0.0,0.0,14.1875,3
2022-02-25,Matí,9.575,0.0,0.0,5.3875,3
2022-02-25,Nit,10.0375,0.0,0.0,5.1125,3
2022-02-25,Tarda,12.95,0.4,0.4,11.2875,51
2022-02-26,Matí,9.9125,0.0,0.0,14.0625,3
2022-02-26,Nit,10.0375,0.5,0.5,4.4375,51
2022-02-26,Tarda,11.9125,0.0,0.0,7.275,3
2022-02-27,Matí,9.475,0.0,0.0,5.6125,3
2022-02-27,Nit,8.7125,0.0,0.0,5.4125,3
2022-02-27,Tarda,13.1375,0.0,0.0,13.7125,3
2022-02-28,Matí,10.9,0.0,0.0,9.0125,3
2022-02-28,Nit,10.3875,0.0,0.0,6.0375,3
2022-02-28,Tarda,12.975,0.0,0.0,11.8125,3
2022-03-01,Matí,8.5125,0.0,0.0,8.525,1
2022-03-01,Nit,7.575,0.0,0.0,6.6875,3
2022-03-01,Tarda,13.875,0.0,0.0,12.762500000000001,3
2022-03-02,Matí,8.7375,0.0,0.0,4.85,3
2022-03-02,Nit,8.8125,0.0,0.0,6.325,3
2022-03-02,Tarda,13.6875,1.9000000000000001,1.9000000000000001,15.45,55
2022-03-03,Matí,9.7375,0.0,0.0,8.175,1
2022-03-03,Nit,10.125,0.0,0.0,5.125,3
2022-03-03,Tarda,14.3375,0.0,0.0,17.3875,3
2022-03-04,Matí,10.2625,0.0,0.0,6.2625,3
2022-03-04,Nit,9.4875,0.0,0.0,6.1,3
2022-03-04,Tarda,14.55,0.1,0.1,14.0875,51
2022-03-05,Matí,10.5125,2.1,2.1,5.0625,61
2022-03-05,Nit,10.3,0.0,0.0,6.7,3
2022-03-05,Tarda,13.7625,0.2,0.2,15.0875,51
2022-03-06,Matí,9.8875,4.8,4.8,7.237500000000001,61
2022-03-06,Nit,9.8,1.0,1.0,4.7875,53
2022-03-06,Tarda,11.1875,0.0,0.0,8.6875,3
2022-03-07,Matí,10.15,1.0,1.0,6.4624999999999995,53
2022-03-07,Nit,9.175,0.0,0.0,4.8875,3
2022-03-07,Tarda,11.8625,0.0,0.0,8.5875,2
2022-03-08,Matí,8.7375,0.0,0.0,8.3375,3
2022-03-08,Nit,7.7125,0.2,0.2,5.1875,51
2022-03-08,Tarda,11.075000000000001,3.1,3.1,11.15,55
2022-03-09,Matí,9.3625,0.1,0.1,6.9375,51
2022-03-09,Nit,9.5125,7.9,7.9,3.1875,63
2022-03-09,Tarda,12.0125,0.0,0.0,8.3375,2
2022-03-10,Matí,9.6,0.30000000000000004,0.30000000000000004,5.625,51
2022-03-10,Nit,8.1,0.0,0.0,4.975,3
2022-03-10,Tarda,13.1625,0.3,0.3,16.875,51
2022-03-11,Matí,11.3875,0.5,0.5,9.537500000000001,51
2022-03-11,Nit,10.674999999999999,0.6,0.6,5.325,53
2022-03-11,Tarda,13.0125,1.2000000000000002,1.2000000000000002,13.9375,51
2022-03-12,Matí,11.6375,8.0,8.0,9.725,61
2022-03-12,Nit,11.1125,7.5,7.5,7.7625,63
2022-03-12,Tarda,11.9125,11.5,11.5,11.05,63
2022-03-13,Matí,10.4875,0.6,0.6,4.4125,53
2022-03-13,Nit,8.4,0.0,0.0,7.95,3
2022-03-13,Tarda,13.475,0.1,0.1,6.3999999999999995,51
2022-03-14,Matí,11.9875,1.6,1.6,23.9,53
2022-03-14,Nit,11.7875,0.2,0.2,17.7125,51
2022-03-14,Tarda,13.7,0.0,0.0,33.1625,3
2022-03-15,Matí,14.4,0.0,0.0,28.425,3
2022-03-15,Nit,13.65,0.0,0.0,25.8,3
2022-03-15,Tarda,14.1375,0.0,0.0,28.55,3
2022-03-16,Matí,13.7875,0.0,0.0,26.5375,3
2022-03-16,Nit,13.3125,0.0,0.0,24.0875,3
2022-03-16,Tarda,14.9375,0.0,0.0,29.7,3
2022-03-17,Matí,14.0875,0.0,0.0,21.6625,3
2022-03-17,Nit,13.7,0.0,0.0,21.3625,3
2022-03-17,Tarda,14.95,0.1,0.1,23.8625,51
2022-03-18,Matí,13.9,0.1,0.1,24.7125,51
2022-03-18,Nit,13.1625,1.7000000000000002,1.7000000000000002,19.2375,55
2022-03-18,Tarda,14.825,0.0,0.0,22.6125,3
2022-03-19,Matí,12.3375,0.7,0.7,24.2875,51
2022-03-19,Nit,12.025,0.0,0.0,16.925,3
2022-03-19,Tarda,13.6875,0.1,0.1,22.0,51
2022-03-20,Matí,12.5,0.0,0.0,17.5625,3
2022-03-20,Nit,11.1875,0.1,0.1,11.6,51
2022-03-20,Tarda,13.425,2.5,2.5,14.8125,53
2022-03-21,Matí,12.8125,0.1,0.1,21.0375,51
2022-03-21,Nit,12.175,0.5,0.5,16.9125,51
2022-03-21,Tarda,13.125,0.5,0.5,28.3125,51
2022-03-22,Matí,10.5125,1.7,1.7,18.325,53
2022-03-22,Nit,10.9125,0.1,0.1,16.75,51
2022-03-22,Tarda,12.5125,0.1,0.1,22.6125,51
2022-03-23,Matí,10.925,0.0,0.0,19.35,3
2022-03-23,Nit,9.975,0.0,0.0,12.7625,3
2022-03-23,Tarda,12.975,0.0,0.0,23.825,3
2022-03-24,Matí,11.45,0.7,0.7,15.125,51
2022-03-24,Nit,10.3625,0.0,0.0,14.8125,3
2022-03-24,Tarda,13.05,0.0,0.0,16.0125,3
2022-03-25,Matí,12.3875,0.0,0.0,16.3,3
2022-03-25,Nit,10.9875,0.0,0.0,13.712499999999999,3
2022-03-25,Tarda,14.775,0.0,0.0,24.9375,3
2022-03-26,Matí,12.5625,0.2,0.2,19.4875,51
2022-03-26,Nit,11.175,1.5,1.5,13.4125,61
2022-03-26,Tarda,13.2125,6.4,6.4,16.8875,63
2022-03-27,Matí,13.75,0.0,0.0,14.087499999999999,1
2022-03-27,Nit,11.3,0.3,0.3,10.275,51
2022-03-27,Tarda,16.875,0.0,0.0,16.425,1
2022-03-28,Matí,12.3125,0.0,0.0,5.4,3
2022-03-28,Nit,10.4625,0.0,0.0,5.975,3
2022-03-28,Tarda,15.2,0.0,0.0,7.2625,3
2022-03-29,Matí,12.3125,0.0,0.0,8.2,3
2022-03-29,Nit,11.2625,0.2,0.2,8.4375,51
2022-03-29,Tarda,14.425,0.2,0.2,20.9,51
2022-03-30,Matí,12.1375,7.7,7.7,6.6625,63
2022-03-30,Nit,11.9375,11.4,11.4,11.025,63
2022-03-30,Tarda,12.975,1.4,1.4,8.475,51
2022-03-31,Matí,11.9125,2.7,2.7,7.1125,53
2022-03-31,Nit,11.4375,2.9,2.9,7.487500000000001,53
2022-03-31,Tarda,13.0125,0.2,0.2,9.775,51
2022-04-01,Matí,8.950000000000001,0.0,0.0,18.1875,0
2022-04-01,Nit,8.375,0.0,0.0,8.775,2
2022-04-01,Tarda,11.95,0.0,0.0,25.1625,0
2022-04-02,Matí,7.5625,0.2,0.2,17.2125,51
2022-04-02,Nit,5.8375,0.0,0.0,15.25,3
2022-04-02,Tarda,12.825,0.0,0.0,16.4125,2
2022-04-03,Matí,6.0875,1.2,1.2,4.6875,51
2022-04-03,Nit,5.2375,0.5,0.5,7.7625,53
2022-04-03,Tarda,6.5375,3.1999999999999997,2.4,7.824999999999999,73
2022-04-04,Matí,6.1375,0.0,0.0,7.2,3
2022-04-04,Nit,4.875,0.0,0.0,6.8625,3
2022-04-04,Tarda,11.3625,0.0,0.0,11.0625,3
2022-04-05,Matí,7.5,0.0,0.0,5.9625,3
2022-04-05,Nit,5.45,0.0,0.0,8.125,3
2022-04-05,Tarda,13.0375,0.0,0.0,9.0875,3
2022-04-06,Matí,10.9125,0.0,0.0,7.9625,3
2022-04-06,Nit,8.6625,0.0,0.0,5.525,3
2022-04-06,Tarda,13.6875,0.0,0.0,13.4625,3
2022-04-07,Matí,11.8,0.0,0.0,9.7,2
2022-04-07,Nit,8.9375,0.0,0.0,7.5875,3
2022-04-07,Tarda,18.9375,0.0,0.0,21.8625,3
2022-04-08,Matí,13.9375,0.0,0.0,11.4625,3
2022-04-08,Nit,12.175,0.0,0.0,9.1625,3
2022-04-08,Tarda,20.475,0.0,0.0,20.6375,3
2022-04-09,Matí,13.5625,0.0,0.0,16.0375,3
2022-04-09,Nit,15.2,0.0,0.0,13.549999999999999,3
2022-04-09,Tarda,14.1125,0.0,0.0,18.8125,3
2022-04-10,Matí,12.1125,0.0,0.0,6.3375,3
2022-04-10,Nit,10.05,0.0,0.0,6.5125,3
2022-04-10,Tarda,14.7,0.0,0.0,15.275,3
2022-04-11,Matí,12.125,0.0,0.0,8.6875,3
2022-04-11,Nit,10.6875,0.0,0.0,7.9,3
2022-04-11,Tarda,14.3625,0.0,0.0,20.525,3
2022-04-12,Matí,14.4625,0.30000000000000004,0.30000000000000004,25.775,51
2022-04-12,Nit,12.9,0.0,0.0,20.1,3
2022-04-12,Tarda,14.5,3.1,3.1,23.725,63
2022-04-13,Matí,13.875,5.3,5.3,23.9125,61
2022-04-13,Nit,13.675,2.7,2.7,15.075000000000001,61
2022-04-13,Tarda,14.975,0.8,0.8,22.5375,53
2022-04-14,Matí,16.2875,0.0,0.0,14.9625,2
2022-04-14,Nit,13.6875,0.0,0.0,8.0375,3
2022-04-14,Tarda,18.525,0.0,0.0,19.0375,3
2022-04-15,Matí,15.9625,0.0,0.0,8.0125,3
2022-04-15,Nit,13.35,0.0,0.0,5.575,3
2022-04-15,Tarda,18.9,0.0,0.0,10.0875,2
2022-04-16,Matí,17.2,0.0,0.0,7.5625,0
2022-04-16,Nit,13.9,0.0,0.0,7.5,0
2022-04-16,Tarda,20.125,0.0,0.0,13.775,1
2022-04-17,Matí,16.7875,0.0,0.0,6.5625,1
2022-04-17,Nit,13.8625,0.0,0.0,6.0,3
2022-04-17,Tarda,16.85,0.0,0.0,11.5375,3
2022-04-18,Matí,14.0875,0.0,0.0,7.5375,3
2022-04-18,Nit,12.0875,0.0,0.0,5.1125,3
2022-04-18,Tarda,16.1125,0.0,0.0,10.8875,3
2022-04-19,Matí,13.925,0.1,0.1,5.925000000000001,51
2022-04-19,Nit,13.0,0.0,0.0,4.525,3
2022-04-19,Tarda,15.75,0.6,0.6,8.925,51
2022-04-20,Matí,14.6625,0.0,0.0,24.4625,3
2022-04-20,Nit,13.575,1.7,1.7,14.9625,55
2022-04-20,Tarda,15.7375,1.5000000000000002,1.5000000000000002,30.3625,61
2022-04-21,Matí,12.4875,7.7,7.7,11.5125,61
2022-04-21,Nit,12.35,13.4,13.4,19.1875,63
2022-04-21,Tarda,15.1625,3.1999999999999997,3.1999999999999997,10.0875,61
2022-04-22,Matí,14.2625,0.0,0.0,11.625,3
2022-04-22,Nit,11.9125,0.0,0.0,6.425,3
2022-04-22,Tarda,16.6125,0.0,0.0,18.4875,3
2022-04-23,Matí,14.1,4.2,4.2,15.675,63
2022-04-23,Nit,12.7,0.0,0.0,9.8625,3
2022-04-23,Tarda,14.2375,2.9,2.9,22.3125,55
2022-04-24,Matí,14.9125,0.0,0.0,13.1625,3
2022-04-24,Nit,12.2625,0.0,0.0,16.6125,3
2022-04-24,Tarda,18.0875,0.0,0.0,12.8125,1
2022-04-25,Matí,13.7125,0.0,0.0,7.737500000000001,3
2022-04-25,Nit,12.7375,0.0,0.0,7.275,0
2022-04-25,Tarda,17.0375,0.0,0.0,11.25,3
2022-04-26,Matí,13.9625,0.0,0.0,6.65,3
2022-04-26,Nit,12.825,0.0,0.0,4.15,3
2022-04-26,Tarda,18.2625,0.0,0.0,12.9,3
2022-04-27,Matí,15.2,0.0,0.0,7.012499999999999,3
2022-04-27,Nit,12.725,0.0,0.0,5.825,3
2022-04-27,Tarda,16.7625,0.1,0.1,9.575,51
2022-04-28,Matí,15.837499999999999,0.0,0.0,9.5875,3
2022-04-28,Nit,13.475,0.0,0.0,6.7125,3
2022-04-28,Tarda,19.675,0.0,0.0,15.4875,3
2022-04-29,Matí,15.825,0.0,0.0,6.675000000000001,1
2022-04-29,Nit,13.5,0.0,0.0,6.1875,1
2022-04-29,Tarda,19.8125,0.0,0.0,12.4625,2
2022-04-30,Matí,17.275,0.0,0.0,7.55,3
2022-04-30,Nit,15.1625,0.0,0.0,7.0249999999999995,3
2022-04-30,Tarda,18.625,0.4,0.4,11.1875,51
2022-05-01,Matí,15.8625,0.0,0.0,9.35,3
2022-05-01,Nit,15.1875,0.1,0.1,4.3625,51
2022-05-01,Tarda,18.5375,0.0,0.0,11.9625,3
2022-05-02,Matí,16.5125,0.0,0.0,7.3875,3
2022-05-02,Nit,15.525,0.3,0.3,6.05,51
2022-05-02,Tarda,17.1375,1.3,1.3,6.475,53
2022-05-03,Matí,15.625,0.1,0.1,15.9125,51
2022-05-03,Nit,13.9625,0.0,0.0,5.1375,3
2022-05-03,Tarda,16.6375,1.7000000000000002,1.7000000000000002,7.4625,61
2022-05-04,Matí,16.2875,0.0,0.0,11.8625,3
2022-05-04,Nit,13.275,0.0,0.0,5.5,3
2022-05-04,Tarda,17.775,0.3,0.3,13.5,51
2022-05-05,Matí,16.1375,0.0,0.0,7.6875,1
2022-05-05,Nit,14.5625,0.0,0.0,6.7125,3
2022-05-05,Tarda,19.2875,1.4,1.4,10.65,61
2022-05-06,Matí,16.8375,0.0,0.0,8.1,2
2022-05-06,Nit,13.875,0.0,0.0,8.55,1
2022-05-06,Tarda,18.275,0.0,0.0,15.425,2
2022-05-07,Matí,18.9375,0.0,0.0,10.0125,1
2022-05-07,Nit,14.9625,0.0,0.0,8.25,1
2022-05-07,Tarda,18.75,0.0,0.0,10.237499999999999,3
2022-05-08,Matí,17.225,0.0,0.0,7.275,2
2022-05-08,Nit,14.65,0.0,0.0,6.875,1
2022-05-08,Tarda,19.6875,0.0,0.0,10.9375,1
2022-05-09,Matí,17.1125,0.0,0.0,7.8875,1
2022-05-09,Nit,14.575,0.0,0.0,4.925,0
2022-05-09,Tarda,20.1625,0.0,0.0,9.3,3
2022-05-10,Matí,19.0375,0.0,0.0,11.4625,2
2022-05-10,Nit,15.7875,0.0,0.0,6.225,3
2022-05-10,Tarda,22.05,0.0,0.0,18.7,3
2022-05-11,Matí,18.475,0.0,0.0,12.2625,0
2022-05-11,Nit,15.6,0.0,0.0,6.975,3
2022-05-11,Tarda,21.3125,0.0,0.0,18.3,1
2022-05-12,Matí,17.525,0.0,0.0,7.95,3
2022-05-12,Nit,15.0875,0.0,0.0,5.3375,3
2022-05-12,Tarda,20.1625,0.0,0.0,13.6375,3
2022-05-13,Matí,16.95,0.0,0.0,8.1125,3
2022-05-13,Nit,14.925,0.0,0.0,4.0625,3
2022-05-13,Tarda,20.0375,0.0,0.0,9.875,3
2022-05-14,Matí,19.537499999999998,0.0,0.0,7.275,3
2022-05-14,Nit,16.2125,0.0,0.0,5.5125,1
2022-05-14,Tarda,22.4125,0.0,0.0,12.5875,3
2022-05-15,Matí,20.5125,0.0,0.0,7.225,2
2022-05-15,Nit,17.6375,0.0,0.0,5.449999999999999,3
2022-05-15,Tarda,22.9625,0.0,0.0,14.5375,3
2022-05-16,Matí,20.95,0.0,0.0,9.6625,3
2022-05-16,Nit,17.6875,0.0,0.0,4.925,3
2022-05-16,Tarda,21.9375,0.0,0.0,11.4,3
2022-05-17,Matí,19.7125,0.0,0.0,6.5125,3
2022-05-17,Nit,17.6375,0.0,0.0,4.4875,3
2022-05-17,Tarda,21.8375,0.0,0.0,12.1125,1
2022-05-18,Matí,21.35,0.0,0.0,5.3875,3
2022-05-18,Nit,18.7875,0.0,0.0,4.3625,3
2022-05-18,Tarda,23.7375,0.0,0.0,9.4375,3
2022-05-19,Matí,20.7375,0.0,0.0,7.5625,3
2022-05-19,Nit,19.6875,0.1,0.1,3.2,51
2022-05-19,Tarda,22.2125,0.0,0.0,11.625,2
2022-05-20,Matí,21.3875,0.0,0.0,7.6875,3
2022-05-20,Nit,18.5625,0.0,0.0,5.0375,3
2022-05-20,Tarda,23.5125,0.0,0.0,11.6375,3
2022-05-21,Matí,23.075,0.0,0.0,7.1125,3
2022-05-21,Nit,19.65,0.0,0.0,4.1125,3
2022-05-21,Tarda,27.6125,0.0,0.0,19.4375,3
2022-05-22,Matí,23.3,0.0,0.0,10.8625,3
2022-05-22,Nit,19.7375,0.0,0.0,6.875,3
2022-05-22,Tarda,28.6375,0.0,0.0,17.1125,3
2022-05-23,Matí,21.6,0.0,0.0,10.975,0
2022-05-23,Nit,19.95,0.0,0.0,4.0375,3
2022-05-23,Tarda,22.3625,0.0,0.0,12.25,3
2022-05-24,Matí,18.425,23.0,23.0,8.825,65
2022-05-24,Nit,18.9,8.6,8.6,6.2125,63
2022-05-24,Tarda,19.225,2.6999999999999997,2.6999999999999997,9.175,61
2022-05-25,Matí,16.8375,1.7000000000000002,1.7000000000000002,10.475,61
2022-05-25,Nit,16.3375,17.1,17.1,6.0875,63
2022-05-25,Tarda,19.55,0.2,0.2,12.2875,51
2022-05-26,Matí,18.9125,0.0,0.0,10.6625,1
2022-05-26,Nit,17.95,0.3,0.3,6.7,51
2022-05-26,Tarda,21.9875,0.0,0.0,11.725,2
2022-05-27,Matí,20.2625,0.0,0.0,9.8375,2
2022-05-27,Nit,18.7875,0.0,0.0,7.325,2
2022-05-27,Tarda,24.2125,0.0,0.0,8.675,3
2022-05-28,Matí,21.8,0.0,0.0,9.2125,0
2022-05-28,Nit,19.2625,0.0,0.0,7.175000000000001,0
2022-05-28,Tarda,24.400000000000002,0.0,0.0,10.9375,2
2022-05-29,Matí,20.3375,0.0,0.0,8.75,0
2022-05-29,Nit,18.725,0.0,0.0,6.275,2
2022-05-29,Tarda,21.175,0.0,0.0,10.4875,1
2022-05-30,Matí,20.125,0.0,0.0,10.8,2
2022-05-30,Nit,17.95,0.0,0.0,3.3125,3
2022-05-30,Tarda,21.3125,0.0,0.0,13.475,3
2022-05-31,Matí,19.55,0.0,0.0,6.3625,3
2022-05-31,Nit,17.925,0.0,0.0,4.375,3
2022-05-31,Tarda,22.325,0.0,0.0,10.5125,0
2022-06-01,Matí,20.6875,0.0,0.0,8.0375,1
2022-06-01,Nit,18.325,0.0,0.0,5.0625,0
2022-06-01,Tarda,22.6375,0.0,0.0,12.4875,3
2022-06-02,Matí,20.7625,0.0,0.0,8.6875,2
2022-06-02,Nit,19.1625,0.0,0.0,5.025,3
2022-06-02,Tarda,22.5375,0.0,0.0,8.7,3
2022-06-03,Matí,21.575,0.0,0.0,7.725,3
2022-06-03,Nit,19.75,0.0,0.0,4.225,3
2022-06-03,Tarda,23.075,0.0,0.0,10.625,1
2022-06-04,Matí,22.0375,0.0,0.0,6.3,3
2022-06-04,Nit,20.2125,0.0,0.0,6.4,3
2022-06-04,Tarda,23.95,0.0,0.0,9.6875,3
2022-06-05,Matí,21.85,0.0,0.0,8.025,1
2022-06-05,Nit,20.475,0.0,0.0,6.975,3
2022-06-05,Tarda,24.3,0.0,0.0,12.2125,3
2022-06-06,Matí,22.4625,0.0,0.0,6.475,3
2022-06-06,Nit,20.8125,0.0,0.0,4.475,3
2022-06-06,Tarda,25.225,0.0,0.0,17.1375,3
2022-06-07,Matí,22.725,0.0,0.0,9.6,3
2022-06-07,Nit,20.825,0.0,0.0,4.025,3
2022-06-07,Tarda,24.15,0.0,0.0,15.9625,3
2022-06-08,Matí,22.5625,0.0,0.0,8.0,3
2022-06-08,Nit,20.025,0.0,0.0,3.925,3
2022-06-08,Tarda,22.975,1.7000000000000002,1.7000000000000002,13.675,55
2022-06-09,Matí,20.9625,0.0,0.0,10.3375,3
2022-06-09,Nit,20.225,0.0,0.0,5.3125,3
2022-06-09,Tarda,22.225,0.0,0.0,13.4875,3
2022-06-10,Matí,20.775,0.0,0.0,8.125,3
2022-06-10,Nit,20.0875,0.0,0.0,7.375,1
2022-06-10,Tarda,25.175,0.0,0.0,16.9125,2
2022-06-11,Matí,23.675,0.0,0.0,8.15,1
2022-06-11,Nit,21.2125,0.0,0.0,5.6,3
2022-06-11,Tarda,27.2625,0.0,0.0,14.487499999999999,2
2022-06-12,Matí,25.6125,0.0,0.0,9.025,0
2022-06-12,Nit,23.45,0.0,0.0,9.475,3
2022-06-12,Tarda,29.0375,0.0,0.0,12.200000000000001,3
2022-06-13,Matí,25.85,0.0,0.0,9.1,2
2022-06-13,Nit,23.4375,0.0,0.0,6.762499999999999,3
2022-06-13,Tarda,30.2125,0.0,0.0,13.65,0
2022-06-14,Matí,24.7625,0.0,0.0,9.6625,3
2022-06-14,Nit,22.9375,0.0,0.0,6.3,3
2022-06-14,Tarda,27.475,0.0,0.0,9.975,3
2022-06-15,Matí,27.7125,0.0,0.0,11.7875,3
2022-06-15,Nit,23.8625,0.0,0.0,6.5125,3
2022-06-15,Tarda,27.1375,0.0,0.0,12.0375,3
2022-06-16,Matí,26.9625,0.0,0.0,7.9625,3
2022-06-16,Nit,24.099999999999998,0.0,0.0,7.0,3
2022-06-16,Tarda,32.3875,0.0,0.0,13.4,3
2022-06-17,Matí,26.85,0.0,0.0,9.5125,3
2022-06-17,Nit,26.025,0.0,0.0,7.7375,3
2022-06-17,Tarda,29.85,0.0,0.0,10.225,3
2022-06-18,Matí,26.225,0.0,0.0,10.3125,0
2022-06-18,Nit,24.1625,0.0,0.0,7.6125,1
2022-06-18,Tarda,26.275,0.0,0.0,14.1625,0
2022-06-19,Matí,25.35,0.0,0.0,13.5875,1
2022-06-19,Nit,23.0875,0.0,0.0,9.6625,1
2022-06-19,Tarda,26.6375,0.0,0.0,15.8625,0
2022-06-20,Matí,25.0875,0.0,0.0,8.3875,3
2022-06-20,Nit,23.1125,0.0,0.0,5.825,2
2022-06-20,Tarda,26.5875,0.0,0.0,12.55,3
2022-06-21,Matí,24.475,0.0,0.0,7.65,3
2022-06-21,Nit,23.7625,1.1,1.1,4.3,55
2022-06-21,Tarda,27.4375,0.0,0.0,11.3875,3
2022-06-22,Matí,22.4125,5.199999999999999,5.199999999999999,6.375,63
2022-06-22,Nit,22.225,5.0,5.0,10.3,61
2022-06-22,Tarda,25.8875,1.0,1.0,16.375,51
2022-06-23,Matí,23.1125,1.0,1.0,9.2,53
2022-06-23,Nit,21.6875,0.0,0.0,5.55,0
2022-06-23,Tarda,26.15,0.1,0.1,17.1625,51
2022-06-24,Matí,24.1125,0.0,0.0,7.65,1
2022-06-24,Nit,21.325,0.0,0.0,6.4,0
2022-06-24,Tarda,25.475,0.0,0.0,21.35,1
2022-06-25,Matí,22.475,0.0,0.0,8.625,3
2022-06-25,Nit,20.9125,0.0,0.0,4.825,2
2022-06-25,Tarda,25.9875,0.0,0.0,12.5125,2
2022-06-26,Matí,23.975,0.0,0.0,17.3375,2
2022-06-26,Nit,22.0875,0.0,0.0,5.2,3
2022-06-26,Tarda,25.425,0.0,0.0,12.950000000000001,0
2022-06-27,Matí,23.6375,0.0,0.0,7.6375,3
2022-06-27,Nit,22.9,0.3,0.3,7.1375,51
2022-06-27,Tarda,26.2125,0.30000000000000004,0.30000000000000004,12.3875,51
2022-06-28,Matí,23.5,0.0,0.0,6.875,0
2022-06-28,Nit,22.125,6.6,6.6,12.7875,63
2022-06-28,Tarda,26.65,0.0,0.0,21.0875,0
2022-06-29,Matí,23.7,0.0,0.0,8.025,1
2022-06-29,Nit,21.8125,0.0,0.0,6.3375,0
2022-06-29,Tarda,26.875,0.0,0.0,16.375,1
2022-06-30,Matí,24.275,0.0,0.0,10.025,3
2022-06-30,Nit,22.4,0.0,0.0,8.0,2
2022-06-30,Tarda,26.8,0.0,0.0,17.1375,3
2022-07-01,Matí,23.4125,0.0,0.0,10.525,3
2022-07-01,Nit,22.2125,0.0,0.0,6.675,3
2022-07-01,Tarda,23.975,0.0,0.0,15.1125,2
2022-07-02,Matí,23.0625,0.0,0.0,9.125,2
2022-07-02,Nit,21.6625,0.0,0.0,5.8875,0
2022-07-02,Tarda,26.0875,0.0,0.0,11.487499999999999,2
2022-07-03,Matí,24.3,0.0,0.0,7.0125,3
2022-07-03,Nit,22.4875,0.0,0.0,3.95,3
2022-07-03,Tarda,26.6875,0.0,0.0,10.8375,3
2022-07-04,Matí,26.2875,0.0,0.0,10.2625,0
2022-07-04,Nit,23.5,0.0,0.0,8.975,3
2022-07-04,Tarda,26.9875,0.0,0.0,13.2875,1
2022-07-05,Matí,26.3,0.0,0.0,7.3625,3
2022-07-05,Nit,24.3125,0.0,0.0,3.175,3
2022-07-05,Tarda,27.8875,0.0,0.0,12.425,3
2022-07-06,Matí,23.8625,16.5,16.5,10.6125,63
2022-07-06,Nit,24.0125,0.0,0.0,7.1625,3
2022-07-06,Tarda,26.3375,0.9999999999999999,0.9999999999999999,16.825,53
2022-07-07,Matí,23.5625,0.2,0.2,8.6,51
2022-07-07,Nit,22.5,11.8,11.8,7.025,63
2022-07-07,Tarda,27.675,0.0,0.0,13.25,1
2022-07-08,Matí,24.475,0.0,0.0,9.4125,0
2022-07-08,Nit,23.275,0.0,0.0,6.125,0
2022-07-08,Tarda,27.5875,0.0,0.0,16.825,0
2022-07-09,Matí,24.475,0.0,0.0,8.9125,0
2022-07-09,Nit,23.1125,0.0,0.0,6.65,0
2022-07-09,Tarda,26.4875,0.0,0.0,14.75,0
2022-07-10,Matí,25.8,0.0,0.0,7.25,0
2022-07-10,Nit,23.9,0.0,0.0,6.525,0
2022-07-10,Tarda,29.15,0.0,0.0,16.65,0
2022-07-11,Matí,26.1,0.0,0.0,12.2375,0
2022-07-11,Nit,23.5625,0.0,0.0,6.45,0
2022-07-11,Tarda,27.2625,0.0,0.0,11.9875,0
2022-07-12,Matí,25.0125,0.0,0.0,8.475,0
2022-07-12,Nit,23.825,0.0,0.0,5.625,1
2022-07-12,Tarda,27.9,0.0,0.0,12.875,1
2022-07-13,Matí,26.3125,0.0,0.0,9.3,0
2022-07-13,Nit,24.2125,0.0,0.0,5.65,0
2022-07-13,Tarda,28.05,0.0,0.0,13.275,0
2022-07-14,Matí,26.3,0.0,0.0,8.325,0
2022-07-14,Nit,24.175,0.0,0.0,5.2375,0
2022-07-14,Tarda,29.7875,0.0,0.0,13.7375,0
2022-07-15,Matí,28.325,0.0,0.0,10.3375,0
2022-07-15,Nit,25.325,0.0,0.0,6.887499999999999,0
2022-07-15,Tarda,30.4125,0.0,0.0,11.525,0
2022-07-16,Matí,27.625,0.0,0.0,9.35,0
2022-07-16,Nit,26.0375,0.0,0.0,7.75,0
2022-07-16,Tarda,29.05,0.0,0.0,11.45,0
2022-07-17,Matí,27.625,0.0,0.0,11.1375,0
2022-07-17,Nit,24.8875,0.0,0.0,5.875,0
2022-07-17,Tarda,28.9875,0.0,0.0,10.925,0
2022-07-18,Matí,25.8375,0.0,0.0,7.275,0
2022-07-18,Nit,24.1625,0.0,0.0,4.85,0
2022-07-18,Tarda,27.175,0.0,0.0,11.325,0
2022-07-19,Matí,25.1,0.0,0.0,6.725,3
2022-07-19,Nit,24.0875,0.0,0.0,2.9,2
2022-07-19,Tarda,28.25,0.0,0.0,12.125,1
2022-07-20,Matí,26.5,0.0,0.0,8.4625,0
2022-07-20,Nit,24.8875,0.0,0.0,4.325,1
2022-07-20,Tarda,27.975,0.0,0.0,12.85,2
2022-07-21,Matí,27.1125,0.0,0.0,8.45,0
2022-07-21,Nit,24.9,0.0,0.0,3.925,0
2022-07-21,Tarda,29.6875,0.0,0.0,18.9875,2
2022-07-22,Matí,27.8375,0.0,0.0,12.0125,0
2022-07-22,Nit,24.95,0.0,0.0,6.175,2
2022-07-22,Tarda,31.1625,0.0,0.0,20.0875,3
2022-07-23,Matí,26.5625,0.1,0.1,12.225,51
2022-07-23,Nit,25.3125,0.0,0.0,4.362500000000001,3
2022-07-23,Tarda,27.8625,0.0,0.0,13.7375,1
2022-07-24,Matí,27.1,0.0,0.0,7.5625,0
2022-07-24,Nit,25.625,0.0,0.0,4.95,2
2022-07-24,Tarda,30.400000000000002,0.0,0.0,19.075,0
2022-07-25,Matí,26.65,0.0,0.0,10.275,2
2022-07-25,Nit,24.225,0.0,0.0,5.375,0
2022-07-25,Tarda,28.725,0.0,0.0,15.9625,2
2022-07-26,Matí,25.675,0.1,0.1,10.0125,51
2022-07-26,Nit,25.25,0.0,0.0,7.025,0
2022-07-26,Tarda,27.95,0.0,0.0,18.85,0
2022-07-27,Matí,24.05,1.2999999999999998,1.2999999999999998,9.675,53
2022-07-27,Nit,23.9125,0.39999999999999997,0.39999999999999997,8.5,51
2022-07-27,Tarda,27.1125,0.1,0.1,15.375,51
2022-07-28,Matí,23.475,7.0,7.0,5.375,63
2022-07-28,Nit,24.8625,0.1,0.1,5.3625,51
2022-07-28,Tarda,28.225,0.0,0.0,14.7625,2
2022-07-29,Matí,25.4875,10.5,10.5,6.5,65
2022-07-29,Nit,24.85,0.0,0.0,4.5625,3
2022-07-29,Tarda,26.8875,1.5,1.5,16.325,55
2022-07-30,Matí,25.375,0.0,0.0,6.375,3
2022-07-30,Nit,23.6375,0.0,0.0,4.8,1
2022-07-30,Tarda,28.325,0.0,0.0,16.4875,2
2022-07-31,Matí,26.95,0.0,0.0,9.825,1
2022-07-31,Nit,25.15,0.0,0.0,7.0625,1
2022-07-31,Tarda,30.7875,0.0,0.0,17.5375,2
2022-08-01,Matí,28.0,0.0,0.0,8.8875,1
2022-08-01,Nit,25.9125,0.0,0.0,7.125,1
2022-08-01,Tarda,31.0,0.0,0.0,16.9125,1
2022-08-02,Matí,28.5,0.0,0.0,8.9625,1
2022-08-02,Nit,26.325,0.0,0.0,6.4375,0
2022-08-02,Tarda,31.7625,0.0,0.0,16.7625,0
2022-08-03,Matí,28.7125,0.0,0.0,11.75,0
2022-08-03,Nit,26.825000000000003,0.0,0.0,6.475,0
2022-08-03,Tarda,30.8125,0.0,0.0,15.2375,1
2022-08-04,Matí,27.25,0.0,0.0,7.9625,0
2022-08-04,Nit,25.675,0.0,0.0,6.6125,0
2022-08-04,Tarda,30.6,0.0,0.0,16.425,0
2022-08-05,Matí,27.325,0.0,0.0,7.775,0
2022-08-05,Nit,25.6,0.0,0.0,5.65,1
2022-08-05,Tarda,28.325,0.5,0.5,10.5875,53
2022-08-06,Matí,27.45,0.0,0.0,8.1375,1
2022-08-06,Nit,25.6375,0.0,0.0,5.9625,1
2022-08-06,Tarda,30.95,0.0,0.0,17.3875,3
2022-08-07,Matí,27.55,0.0,0.0,9.9375,2
2022-08-07,Nit,26.05,0.0,0.0,4.225,3
2022-08-07,Tarda,30.3625,0.0,0.0,11.4875,3
2022-08-08,Matí,27.6625,0.0,0.0,10.0125,2
2022-08-08,Nit,25.5375,0.0,0.0,5.85,3
2022-08-08,Tarda,29.75,0.0,0.0,12.0625,3
2022-08-09,Matí,27.7125,0.0,0.0,10.5375,2
2022-08-09,Nit,25.825,0.0,0.0,5.725,3
2022-08-09,Tarda,30.0375,0.0,0.0,11.55,3
2022-08-10,Matí,28.9375,0.0,0.0,9.45,0
2022-08-10,Nit,26.1,0.0,0.0,5.7124999999999995,3
2022-08-10,Tarda,31.849999999999998,0.0,0.0,16.95,1
2022-08-11,Matí,26.95,0.0,0.0,7.875,1
2022-08-11,Nit,25.725,0.0,0.0,5.2,1
2022-08-11,Tarda,30.85,0.0,0.0,14.7125,2
2022-08-12,Matí,28.2125,0.0,0.0,13.2875,0
2022-08-12,Nit,26.075,0.0,0.0,7.225,1
2022-08-12,Tarda,32.1625,0.0,0.0,19.5625,2
2022-08-13,Matí,27.825,0.0,0.0,8.775,2
2022-08-13,Nit,25.8875,0.0,0.0,6.475,3
2022-08-13,Tarda,29.887500000000003,0.0,0.0,11.875,3
2022-08-14,Matí,28.7875,0.0,0.0,10.4875,2
2022-08-14,Nit,26.15,0.0,0.0,7.725,3
2022-08-14,Tarda,30.950000000000003,0.0,0.0,20.5125,2
2022-08-15,Matí,26.6125,0.0,0.0,8.0375,2
2022-08-15,Nit,25.125,0.0,0.0,10.025,2
2022-08-15,Tarda,28.275,0.0,0.0,13.0375,1
2022-08-16,Matí,26.025,0.0,0.0,6.8625,1
2022-08-16,Nit,24.9125,0.0,0.0,5.225,2
2022-08-16,Tarda,27.5125,0.0,0.0,12.3375,3
2022-08-17,Matí,22.5625,7.9,7.9,8.925,63
2022-08-17,Nit,24.25,4.4,4.4,9.175,63
2022-08-17,Tarda,25.25,2.9,2.9,14.3125,63
2022-08-18,Matí,21.3,9.8,9.8,9.275,63
2022-08-18,Nit,21.1,4.4,4.4,7.425,63
2022-08-18,Tarda,21.925,6.0,6.0,6.6125,63
2022-08-19,Matí,22.1375,0.0,0.0,9.1,0
2022-08-19,Nit,20.65,0.0,0.0,5.5,0
2022-08-19,Tarda,26.4125,0.0,0.0,10.8875,0
2022-08-20,Matí,23.9875,0.0,0.0,9.7625,0
2022-08-20,Nit,21.7,0.0,0.0,6.1375,0
2022-08-20,Tarda,27.8125,0.0,0.0,18.0625,0
2022-08-21,Matí,24.475,0.0,0.0,6.3375,2
2022-08-21,Nit,22.8875,0.0,0.0,5.175,3
2022-08-21,Tarda,27.2625,0.5,0.5,13.7625,53
2022-08-22,Matí,23.05,3.2,3.2,9.0,55
2022-08-22,Nit,23.5,3.4000000000000004,3.4000000000000004,4.6,61
2022-08-22,Tarda,26.8375,0.6,0.6,12.5875,51
2022-08-23,Matí,24.8625,0.1,0.1,6.3125,51
2022-08-23,Nit,24.2125,0.0,0.0,3.6125,3
2022-08-23,Tarda,28.1125,0.0,0.0,14.8125,1
2022-08-24,Matí,26.7,0.0,0.0,7.825,0
2022-08-24,Nit,24.6875,0.0,0.0,7.0375,3
2022-08-24,Tarda,28.775,0.0,0.0,14.875,3
2022-08-25,Matí,25.1,0.0,0.0,10.75,2
2022-08-25,Nit,24.625,0.7,0.7,4.5375,53
2022-08-25,Tarda,28.2,0.0,0.0,10.6375,3
2022-08-26,Matí,25.8,0.1,0.1,9.475,51
2022-08-26,Nit,24.7,0.0,0.0,6.6375,3
2022-08-26,Tarda,28.6375,0.5,0.5,11.825,51
2022-08-27,Matí,24.3875,0.0,0.0,7.45,3
2022-08-27,Nit,23.275,1.0,1.0,7.6375,53
2022-08-27,Tarda,25.575,2.3,2.3,8.375,61
2022-08-28,Matí,25.5,0.0,0.0,9.1875,0
2022-08-28,Nit,22.975,0.0,0.0,8.4,1
2022-08-28,Tarda,28.8375,0.0,0.0,16.9375,2
2022-08-29,Matí,25.7375,0.0,0.0,9.787500000000001,2
2022-08-29,Nit,23.475,0.0,0.0,5.8375,0
2022-08-29,Tarda,28.75,0.0,0.0,16.525,3
2022-08-30,Matí,25.8,0.0,0.0,8.575,1
2022-08-30,Nit,24.2375,0.0,0.0,7.425,1
2022-08-30,Tarda,29.4375,0.0,0.0,18.4375,2
2022-08-31,Matí,24.1125,1.4,1.4,8.925,53
2022-08-31,Nit,23.8375,0.0,0.0,6.5874999999999995,3
2022-08-31,Tarda,27.6875,0.0,0.0,9.225,3
2022-09-01,Matí,23.45,0.0,0.0,6.2125,2
2022-09-01,Nit,22.0375,0.0,0.0,6.2124999999999995,3
2022-09-01,Tarda,26.725,0.0,0.0,11.275,1
2022-09-02,Matí,24.875,0.2,0.2,5.2375,51
2022-09-02,Nit,22.3875,0.0,0.0,6.3125,3
2022-09-02,Tarda,23.6875,0.7,0.7,9.4375,53
2022-09-03,Matí,23.25,0.0,0.0,8.225,3
2022-09-03,Nit,22.1,14.0,14.0,8.1125,65
2022-09-03,Tarda,24.6875,1.4,1.4,10.2375,55
2022-09-04,Matí,23.925,0.1,0.1,8.425,51
2022-09-04,Nit,22.0375,0.0,0.0,6.3125,3
2022-09-04,Tarda,26.7875,0.0,0.0,8.6875,3
2022-09-05,Matí,24.6625,0.30000000000000004,0.30000000000000004,7.325,51
2022-09-05,Nit,23.5625,0.1,0.1,4.85,51
2022-09-05,Tarda,27.0,0.8999999999999999,0.8999999999999999,8.6,53
2022-09-06,Matí,25.925,0.0,0.0,7.1875,2
2022-09-06,Nit,24.0,0.0,0.0,5.1,3
2022-09-06,Tarda,28.2375,0.0,0.0,17.3125,2
2022-09-07,Matí,23.8375,0.1,0.1,11.6125,51
2022-09-07,Nit,22.5625,0.0,0.0,5.725,3
2022-09-07,Tarda,27.175,0.0,0.0,11.0375,3
2022-09-08,Matí,24.7375,0.0,0.0,11.3875,3
2022-09-08,Nit,23.525,0.0,0.0,5.9125,3
2022-09-08,Tarda,25.925,0.0,0.0,13.7875,3
2022-09-09,Matí,23.0,0.0,0.0,10.1,3
2022-09-09,Nit,22.4125,0.0,0.0,8.15,3
2022-09-09,Tarda,25.125,0.1,0.1,17.4625,51
2022-09-10,Matí,22.875,0.0,0.0,8.05,3
2022-09-10,Nit,22.4875,0.0,0.0,8.0875,3
2022-09-10,Tarda,26.5125,0.1,0.1,15.85,51
2022-09-11,Matí,24.575,0.0,0.0,8.2875,2
2022-09-11,Nit,23.7,0.0,0.0,3.875,1
2022-09-11,Tarda,26.7125,0.0,0.0,12.1625,2
2022-09-12,Matí,24.1,0.0,0.0,6.225,3
2022-09-12,Nit,23.225,0.0,0.0,5.075,3
2022-09-12,Tarda,27.8875,0.0,0.0,11.575,3
2022-09-13,Matí,26.3,0.0,0.0,8.2625,3
2022-09-13,Nit,24.0625,0.4,0.4,8.875,51
2022-09-13,Tarda,27.95,0.30000000000000004,0.30000000000000004,9.4875,51
2022-09-14,Matí,23.5625,3.8,3.8,8.15,61
2022-09-14,Nit,23.5125,1.5999999999999999,1.5999999999999999,5.6875,55
2022-09-14,Tarda,25.8625,0.2,0.2,12.3,51
2022-09-15,Matí,22.4,0.0,0.0,7.2125,0
2022-09-15,Nit,21.725,0.0,0.0,5.65,3
2022-09-15,Tarda,26.675,0.0,0.0,8.45,2
2022-09-16,Matí,22.125,0.6,0.6,7.65,53
2022-09-16,Nit,21.3375,0.6,0.6,6.9875,53
2022-09-16,Tarda,24.075,1.6,1.6,12.4875,55
2022-09-17,Matí,20.4875,1.7,1.7,6.975,53
2022-09-17,Nit,20.8875,0.5,0.5,7.05,51
2022-09-17,Tarda,23.4125,0.0,0.0,14.3875,3
2022-09-18,Matí,19.95,0.0,0.0,7.3125,3
2022-09-18,Nit,19.725,0.0,0.0,8.1,3
2022-09-18,Tarda,22.5,0.0,0.0,13.6,3
2022-09-19,Matí,20.7,0.0,0.0,7.5375,3
2022-09-19,Nit,19.075,0.0,0.0,6.875,3
2022-09-19,Tarda,23.6375,0.0,0.0,9.9,3
2022-09-20,Matí,20.9,0.1,0.1,4.075,51
2022-09-20,Nit,19.9625,0.4,0.4,7.025,51
2022-09-20,Tarda,22.925,0.0,0.0,10.1375,3
2022-09-21,Matí,21.075,0.1,0.1,10.225,51
2022-09-21,Nit,19.1,0.0,0.0,7.4375,3
2022-09-21,Tarda,22.7375,0.0,0.0,14.8625,3
2022-09-22,Matí,20.7125,0.0,0.0,11.5375,0
2022-09-22,Nit,19.625,0.0,0.0,5.875,3
2022-09-22,Tarda,23.55,0.0,0.0,15.275,3
2022-09-23,Matí,19.7875,0.0,0.0,5.5375,3
2022-09-23,Nit,18.475,14.3,14.3,6.5625,65
2022-09-23,Tarda,23.45,2.7,2.7,14.0875,63
2022-09-24,Matí,19.8,0.0,0.0,8.6,3
2022-09-24,Nit,19.2875,20.0,20.0,8.7875,65
2022-09-24,Tarda,21.0,0.0,0.0,16.0,3
2022-09-25,Matí,17.2,0.1,0.1,7.8625,51
2022-09-25,Nit,17.1875,0.0,0.0,8.1125,2
2022-09-25,Tarda,20.575,1.2,1.2,10.6,53
2022-09-26,Matí,17.2625,0.0,0.0,7.6,0
2022-09-26,Nit,16.45,0.0,0.0,9.0625,3
2022-09-26,Tarda,22.3,0.0,0.0,14.174999999999999,1
2022-09-27,Matí,17.2,0.0,0.0,7.625,3
2022-09-27,Nit,16.25,0.1,0.1,10.7875,51
2022-09-27,Tarda,21.55,0.1,0.1,13.675,51
2022-09-28,Matí,18.025,0.0,0.0,11.2,3
2022-09-28,Nit,17.475,0.0,0.0,10.1125,3
2022-09-28,Tarda,23.9375,0.0,0.0,14.275,3
2022-09-29,Matí,17.625,0.1,0.1,6.3625,51
2022-09-29,Nit,16.8,0.6,0.6,7.55,51
2022-09-29,Tarda,19.9,0.1,0.1,13.925,51
2022-09-30,Matí,15.162500000000001,0.6,0.6,8.3125,51
2022-09-30,Nit,15.7375,5.9,5.9,4.9625,63
2022-09-30,Tarda,18.8125,0.5,0.5,9.1125,53
2022-10-01,Matí,15.9375,0.0,0.0,9.1625,2
2022-10-01,Nit,15.7875,0.0,0.0,9.9625,3
2022-10-01,Tarda,21.5625,0.0,0.0,14.65,0
2022-10-02,Matí,18.625,0.0,0.0,11.175,0
2022-10-02,Nit,16.275,0.0,0.0,7.1375,0
2022-10-02,Tarda,23.05,0.0,0.0,14.799999999999999,0
2022-10-03,Matí,18.9625,0.0,0.0,7.475,2
2022-10-03,Nit,17.4375,0.0,0.0,6.0,2
2022-10-03,Tarda,21.9125,0.0,0.0,9.45,3
2022-10-04,Matí,20.475,0.0,0.0,5.4875,2
2022-10-04,Nit,18.337500000000002,0.2,0.2,6.4875,51
2022-10-04,Tarda,21.775,0.0,0.0,8.9625,0
2022-10-05,Matí,19.1625,0.0,0.0,7.237500000000001,2
2022-10-05,Nit,16.9125,0.0,0.0,6.8875,2
2022-10-05,Tarda,22.2,0.0,0.0,8.0875,2
2022-10-06,Matí,19.875,0.0,0.0,13.475,3
2022-10-06,Nit,18.8625,0.4,0.4,8.3625,51
2022-10-06,Tarda,21.8,0.0,0.0,18.3875,3
2022-10-07,Matí,19.5375,1.7999999999999998,1.7999999999999998,11.525,61
2022-10-07,Nit,18.2,1.5,1.5,11.05,53
2022-10-07,Tarda,20.0875,3.8,3.8,18.5,61
2022-10-08,Matí,18.5625,9.4,9.4,10.5375,61
2022-10-08,Nit,17.8125,7.8,7.8,10.4375,63
2022-10-08,Tarda,18.3625,1.3,1.3,12.3125,53
2022-10-09,Matí,17.6625,0.1,0.1,5.8875,51
2022-10-09,Nit,17.4375,2.6,2.6,5.2625,63
2022-10-09,Tarda,20.625,0.2,0.2,7.95,51
2022-10-10,Matí,17.425,0.1,0.1,5.6625,51
2022-10-10,Nit,17.3875,0.0,0.0,6.2625,3
2022-10-10,Tarda,20.5,0.0,0.0,5.375,3
2022-10-11,Matí,18.85,0.0,0.0,9.4,3
2022-10-11,Nit,18.2875,0.0,0.0,7.6375,3
2022-10-11,Tarda,21.0625,0.7,0.7,12.8875,53
2022-10-12,Matí,18.4375,0.0,0.0,5.55,3
2022-10-12,Nit,17.325,0.0,0.0,7.1625,3
2022-10-12,Tarda,21.025,0.0,0.0,9.3,1
2022-10-13,Matí,18.475,0.0,0.0,7.65,3
2022-10-13,Nit,17.1875,2.9,2.9,8.9,55
2022-10-13,Tarda,22.3625,0.0,0.0,15.1875,3
2022-10-14,Matí,18.7375,0.0,0.0,6.1875,3
2022-10-14,Nit,17.85,0.0,0.0,4.775,3
2022-10-14,Tarda,22.25,0.0,0.0,6.6375,1
2022-10-15,Matí,18.0,0.0,0.0,6.225,2
2022-10-15,Nit,18.3,0.0,0.0,5.4625,3
2022-10-15,Tarda,22.8875,0.0,0.0,12.675,3
2022-10-16,Matí,20.5125,0.0,0.0,4.7375,3
2022-10-16,Nit,19.425,0.0,0.0,4.225,3
2022-10-16,Tarda,22.425,0.0,0.0,8.3,3
2022-10-17,Matí,21.475,0.0,0.0,8.9625,3
2022-10-17,Nit,20.0875,0.0,0.0,5.8125,3
2022-10-17,Tarda,22.425,0.0,0.0,12.375,3
2022-10-18,Matí,21.2875,0.4,0.4,5.25,51
2022-10-18,Nit,20.4625,0.0,0.0,5.6375,3
2022-10-18,Tarda,22.5375,0.0,0.0,8.3125,3
2022-10-19,Matí,21.5125,0.0,0.0,5.4875,3
2022-10-19,Nit,20.0,0.0,0.0,4.825,3
2022-10-19,Tarda,22.925,0.0,0.0,11.7625,3
2022-10-20,Matí,20.5125,0.0,0.0,4.4375,3
2022-10-20,Nit,20.4875,0.0,0.0,5.8625,3
2022-10-20,Tarda,22.1125,0.4,0.4,5.8,51
2022-10-21,Matí,20.8125,0.0,0.0,8.1875,3
2022-10-21,Nit,20.425,0.4,0.4,7.7125,51
2022-10-21,Tarda,22.85,0.1,0.1,17.7375,51
2022-10-22,Matí,20.125,0.0,0.0,7.725,3
2022-10-22,Nit,18.9875,0.0,0.0,6.6375,3
2022-10-22,Tarda,23.225,0.0,0.0,11.7125,3
2022-10-23,Matí,19.4125,0.0,0.0,4.825,3
2022-10-23,Nit,18.3125,0.0,0.0,6.7375,3
2022-10-23,Tarda,22.8,0.0,0.0,8.2625,3
2022-10-24,Matí,20.7125,0.0,0.0,8.2,3
2022-10-24,Nit,19.3625,0.0,0.0,7.425,3
2022-10-24,Tarda,23.8125,0.0,0.0,11.75,3
2022-10-25,Matí,19.025,0.0,0.0,5.9375,3
2022-10-25,Nit,18.2375,0.0,0.0,6.3375,3
2022-10-25,Tarda,22.6875,0.1,0.1,11.25,51
2022-10-26,Matí,19.475,0.0,0.0,7.0375,3
2022-10-26,Nit,18.4375,0.0,0.0,5.15,3
2022-10-26,Tarda,23.2,0.0,0.0,6.825,3
2022-10-27,Matí,18.6625,0.0,0.0,4.9375,3
2022-10-27,Nit,19.0125,0.0,0.0,5.6125,3
2022-10-27,Tarda,21.1375,0.0,0.0,9.55,3
2022-10-28,Matí,18.7125,0.0,0.0,5.5874999999999995,3
2022-10-28,Nit,18.5625,0.0,0.0,4.2749999999999995,3
2022-10-28,Tarda,20.3875,0.0,0.0,6.5625,3
2022-10-29,Matí,17.8875,0.0,0.0,5.95,3
2022-10-29,Nit,17.8375,0.0,0.0,5.2375,3
2022-10-29,Tarda,20.1875,0.0,0.0,9.2375,3
2022-10-30,Matí,17.8375,0.0,0.0,6.525,3
2022-10-30,Nit,17.5625,0.0,0.0,5.1125,3
2022-10-30,Tarda,20.6,0.0,0.0,7.95,3
2022-10-31,Matí,18.425,0.1,0.1,4.9,51
2022-10-31,Nit,18.0875,0.0,0.0,4.95,3
2022-10-31,Tarda,21.4,0.0,0.0,12.85,3
2022-11-01,Matí,18.125,0.0,0.0,7.0125,1
2022-11-01,Nit,17.9875,0.8999999999999999,0.8999999999999999,7.75,53
2022-11-01,Tarda,20.4875,0.0,0.0,11.325,0
2022-11-02,Matí,17.375,0.0,0.0,5.85,2
2022-11-02,Nit,16.3,0.0,0.0,5.5375,3
2022-11-02,Tarda,20.2375,0.0,0.0,8.5625,3
2022-11-03,Matí,17.4375,0.0,0.0,5.5375,3
2022-11-03,Nit,16.5375,0.1,0.1,7.4875,51
2022-11-03,Tarda,19.9,0.30000000000000004,0.30000000000000004,16.3625,51
2022-11-04,Matí,14.15,0.0,0.0,15.5,0
2022-11-04,Nit,15.925,0.0,0.0,13.325,3
2022-11-04,Tarda,18.6375,0.0,0.0,24.3875,1
2022-11-05,Matí,13.725,0.0,0.0,12.4625,3
2022-11-05,Nit,12.825,0.0,0.0,15.65,3
2022-11-05,Tarda,17.3375,0.0,0.0,8.65,1
2022-11-06,Matí,12.8375,0.0,0.0,8.9625,1
2022-11-06,Nit,11.625,0.0,0.0,8.775,3
2022-11-06,Tarda,18.9875,0.0,0.0,12.7375,3
2022-11-07,Matí,14.175,0.0,0.0,6.7375,3
2022-11-07,Nit,13.1375,0.0,0.0,7.6,3
2022-11-07,Tarda,18.7875,0.0,0.0,12.6,3
2022-11-08,Matí,15.0375,0.0,0.0,7.4625,3
2022-11-08,Nit,14.1375,0.0,0.0,6.6375,3
2022-11-08,Tarda,19.5875,0.0,0.0,14.2375,3
2022-11-09,Matí,16.8125,0.0,0.0,10.4125,3
2022-11-09,Nit,15.8,0.7999999999999999,0.7999999999999999,7.125,53
2022-11-09,Tarda,21.5625,0.0,0.0,11.425,3
2022-11-10,Matí,16.5875,0.1,0.1,5.9,51
2022-11-10,Nit,15.675,4.2,4.2,6.9125,61
2022-11-10,Tarda,17.2375,0.6,0.6,8.475,51
2022-11-11,Matí,15.6125,0.0,0.0,11.2125,0
2022-11-11,Nit,14.6,0.0,0.0,8.7375,3
2022-11-11,Tarda,19.8625,0.0,0.0,19.6125,3
2022-11-12,Matí,17.6625,0.1,0.1,14.875,51
2022-11-12,Nit,17.325,1.5,1.5,10.675,55
2022-11-12,Tarda,18.7,0.0,0.0,10.4,0
2022-11-13,Matí,15.2,0.0,0.0,5.1125,2
2022-11-13,Nit,15.725,0.4,0.4,4.475,51
2022-11-13,Tarda,18.325,0.5,0.5,9.8625,51
2022-11-14,Matí,16.0625,0.2,0.2,6.987500000000001,51
2022-11-14,Nit,15.662500000000001,6.699999999999999,6.699999999999999,5.525,63
2022-11-14,Tarda,19.3375,0.1,0.1,12.725,51
2022-11-15,Matí,16.3875,0.0,0.0,9.0375,3
2022-11-15,Nit,15.4125,0.0,0.0,7.725,3
2022-11-15,Tarda,20.162499999999998,0.1,0.1,16.3125,51
2022-11-16,Matí,15.725,0.0,0.0,6.0375,3
2022-11-16,Nit,15.925,0.0,0.0,9.5,3
2022-11-16,Tarda,19.075,0.0,0.0,10.1625,3
2022-11-17,Matí,17.7625,0.0,0.0,8.5,3
2022-11-17,Nit,16.5625,0.0,0.0,11.637500000000001,3
2022-11-17,Tarda,20.225,0.0,0.0,12.425,3
2022-11-18,Matí,13.6875,0.4,0.4,10.5375,51
2022-11-18,Nit,14.425,2.0,2.0,7.725,61
2022-11-18,Tarda,13.575,6.6,6.6,10.5625,63
2022-11-19,Matí,10.2625,0.0,0.0,12.9875,1
2022-11-19,Nit,11.4125,4.3,4.3,7.625,61
2022-11-19,Tarda,14.55,0.0,0.0,6.9125,2
2022-11-20,Matí,9.1875,0.0,0.0,11.6625,0
2022-11-20,Nit,9.0625,0.0,0.0,9.55,3
2022-11-20,Tarda,14.787500000000001,0.0,0.0,6.725,3
2022-11-21,Matí,11.625,0.6,0.6,6.5875,51
2022-11-21,Nit,11.225,0.1,0.1,9.6625,51
2022-11-21,Tarda,14.675,4.4,4.4,6.6125,61
2022-11-22,Matí,10.1375,0.0,0.0,26.9625,3
2022-11-22,Nit,11.15,0.0,0.0,15.5125,3
2022-11-22,Tarda,13.0,0.0,0.0,22.3125,3
2022-11-23,Matí,14.0625,0.0,0.0,11.2,3
2022-11-23,Nit,12.3125,0.0,0.0,11.6,3
2022-11-23,Tarda,18.0375,0.0,0.0,9.825,3
2022-11-24,Matí,13.4875,0.0,0.0,6.2250000000000005,3
2022-11-24,Nit,13.15,0.4,0.4,6.5375,51
2022-11-24,Tarda,16.4125,0.2,0.2,11.7125,51
2022-11-25,Matí,13.2125,0.0,0.0,7.325,3
2022-11-25,Nit,11.8125,0.2,0.2,7.7125,51
2022-11-25,Tarda,12.85,18.2,18.2,7.725,63
2022-11-26,Matí,10.1875,0.0,0.0,13.2125,3
2022-11-26,Nit,9.225,0.0,0.0,7.8500000000000005,3
2022-11-26,Tarda,15.2125,0.0,0.0,6.15,3
2022-11-27,Matí,9.4625,0.0,0.0,6.3375,3
2022-11-27,Nit,8.975,0.0,0.0,7.3999999999999995,3
2022-11-27,Tarda,14.375,0.0,0.0,9.0875,3
2022-11-28,Matí,11.1375,2.9,2.9,7.75,61
2022-11-28,Nit,9.825,0.0,0.0,6.4375,3
2022-11-28,Tarda,12.625,0.4,0.4,7.85,51
2022-11-29,Matí,9.2625,0.0,0.0,9.025,3
2022-11-29,Nit,7.6375,0.0,0.0,6.7,3
2022-11-29,Tarda,13.4,0.0,0.0,6.975,1
2022-11-30,Matí,7.9125,0.0,0.0,6.7375,3
2022-11-30,Nit,7.887499999999999,0.1,0.1,7.012499999999999,51
2022-11-30,Tarda,12.8125,0.1,0.1,9.3875,51
2022-12-01,Matí,9.325,0.0,0.0,8.8625,3
2022-12-01,Nit,8.95,0.5,0.5,6.875,51
2022-12-01,Tarda,12.3,0.0,0.0,11.875,1
2022-12-02,Matí,8.175,0.0,0.0,8.1375,1
2022-12-02,Nit,6.5375,0.0,0.0,7.85,2
2022-12-02,Tarda,11.625,0.0,0.0,11.15,1
2022-12-03,Matí,6.0,0.0,0.0,8.175,0
2022-12-03,Nit,5.8625,0.0,0.0,8.725,3
2022-12-03,Tarda,11.9375,0.0,0.0,10.425,3
2022-12-04,Matí,7.925,0.1,0.1,7.8125,51
2022-12-04,Nit,7.7625,1.4,1.4,7.2,53
2022-12-04,Tarda,11.1125,1.9000000000000001,1.9000000000000001,9.6375,61
2022-12-05,Matí,7.262499999999999,0.0,0.0,8.625,2
2022-12-05,Nit,7.05,0.0,0.0,9.9625,3
2022-12-05,Tarda,12.825,0.0,0.0,10.0375,3
2022-12-06,Matí,9.4125,0.0,0.0,5.9125,3
2022-12-06,Nit,8.6,0.0,0.0,7.225,3
2022-12-06,Tarda,13.2625,0.0,0.0,6.3,3
2022-12-07,Matí,9.4125,0.0,0.0,7.0625,3
2022-12-07,Nit,8.0875,0.0,0.0,6.85,3
2022-12-07,Tarda,12.9125,0.0,0.0,7.075,3
2022-12-08,Matí,8.875,0.0,0.0,6.1375,3
2022-12-08,Nit,8.9875,0.1,0.1,5.3875,51
2022-12-08,Tarda,12.05,3.7,3.7,3.3125,61
2022-12-09,Matí,12.375,0.0,0.0,9.5625,2
2022-12-09,Nit,12.4625,3.0,3.0,6.725,61
2022-12-09,Tarda,15.875,0.0,0.0,8.525,3
2022-12-10,Matí,12.3375,1.3,1.3,8.3,53
2022-12-10,Nit,10.9375,0.7,0.7,6.75,53
2022-12-10,Tarda,11.8875,0.0,0.0,15.9,1
2022-12-11,Matí,6.574999999999999,0.0,0.0,8.375,3
2022-12-11,Nit,5.725,0.1,0.1,8.3625,51
2022-12-11,Tarda,9.7375,0.2,0.2,6.8125,51
2022-12-12,Matí,6.5375,0.0,0.0,9.7875,3
2022-12-12,Nit,8.9375,0.1,0.1,8.225,51
2022-12-12,Tarda,10.05,4.2,4.2,6.825,61
2022-12-13,Matí,12.025,0.0,0.0,9.1875,3
2022-12-13,Nit,10.6,0.5,0.5,8.2,51
2022-12-13,Tarda,14.15,4.5,4.5,4.9125,55
2022-12-14,Matí,12.475,0.2,0.2,6.0249999999999995,51
2022-12-14,Nit,11.7,2.6,2.6,6.15,61
2022-12-14,Tarda,14.375,0.0,0.0,7.3500000000000005,3
2022-12-15,Matí,13.0125,6.0,6.0,8.1,63
2022-12-15,Nit,11.1625,0.1,0.1,5.525,51
2022-12-15,Tarda,15.6375,0.0,0.0,11.8125,3
2022-12-16,Matí,10.1,0.0,0.0,9.5375,3
2022-12-16,Nit,10.2,0.0,0.0,7.6,3
2022-12-16,Tarda,13.775,0.0,0.0,10.325,3
2022-12-17,Matí,10.7125,0.0,0.0,7.2625,3
2022-12-17,Nit,9.1,0.0,0.0,6.1625,3
2022-12-17,Tarda,12.4,0.0,0.0,7.324999999999999,3
2022-12-18,Matí,8.25,0.0,0.0,7.5125,1
2022-12-18,Nit,7.8125,0.0,0.0,7.5125,3
2022-12-18,Tarda,13.1625,0.0,0.0,8.875,2
2022-12-19,Matí,11.225,0.0,0.0,5.875,3
2022-12-19,Nit,9.9125,0.0,0.0,5.5375,3
2022-12-19,Tarda,14.6875,0.0,0.0,11.5625,3
2022-12-20,Matí,12.6,0.0,0.0,5.9875,3
2022-12-20,Nit,11.0,0.0,0.0,5.625,3
2022-12-20,Tarda,14.7,0.0,0.0,12.5625,3
2022-12-21,Matí,11.475,0.0,0.0,10.7375,3
2022-12-21,Nit,10.8125,5.199999999999999,5.199999999999999,6.5875,63
2022-12-21,Tarda,15.2375,0.0,0.0,9.1375,1
2022-12-22,Matí,12.025,0.0,0.0,11.675,3
2022-12-22,Nit,10.6,0.0,0.0,8.4125,3
2022-12-22,Tarda,15.862499999999999,0.0,0.0,13.0,3
2022-12-23,Matí,14.3125,0.0,0.0,12.4375,3
2022-12-23,Nit,12.2375,0.0,0.0,8.975,3
2022-12-23,Tarda,17.425,0.0,0.0,13.4125,3
2022-12-24,Matí,12.7,0.0,0.0,10.0375,3
2022-12-24,Nit,11.55,0.0,0.0,9.5625,3
2022-12-24,Tarda,16.4875,0.0,0.0,11.1,1
2022-12-25,Matí,10.8125,0.0,0.0,8.0125,0
2022-12-25,Nit,9.5875,0.0,0.0,8.2,3
2022-12-25,Tarda,15.875,0.0,0.0,9.875,3
2022-12-26,Matí,11.675,0.0,0.0,10.3625,3
2022-12-26,Nit,9.4,0.0,0.0,9.675,3
2022-12-26,Tarda,16.8875,0.0,0.0,8.2875,3
2022-12-27,Matí,9.65,0.0,0.0,6.225,0
2022-12-27,Nit,7.9875,0.0,0.0,7.1,0
2022-12-27,Tarda,14.8375,0.0,0.0,9.8875,0
2022-12-28,Matí,9.45,0.0,0.0,8.4625,2
2022-12-28,Nit,8.6625,0.0,0.0,7.699999999999999,0
2022-12-28,Tarda,13.75,0.0,0.0,11.9875,0
2022-12-29,Matí,9.0625,0.0,0.0,9.375,3
2022-12-29,Nit,8.1375,0.0,0.0,8.8875,3
2022-12-29,Tarda,15.375,0.0,0.0,12.6125,3
2022-12-30,Matí,12.2125,0.0,0.0,7.75,3
2022-12-30,Nit,11.5125,0.0,0.0,8.05,3
2022-12-30,Tarda,16.1375,0.0,0.0,11.5625,3
2022-12-31,Matí,12.625,0.0,0.0,8.775,3
2022-12-31,Nit,11.3625,0.0,0.0,9.175,3
2022-12-31,Tarda,16.2375,0.0,0.0,11.375,1
2023-01-01,Matí,9.6,0.0,0.0,5.675,3
2023-01-01,Nit,8.8625,0.0,0.0,6.2875,3
2023-01-01,Tarda,14.450000000000001,0.0,0.0,4.1375,3
2023-01-02,Matí,8.725,0.0,0.0,5.6625000000000005,3
2023-01-02,Nit,9.8875,0.0,0.0,6.3,3
2023-01-02,Tarda,13.6875,0.0,0.0,4.7625,3
2023-01-03,Matí,10.15,0.0,0.0,6.5375,3
2023-01-03,Nit,9.85,0.0,0.0,7.15,3
2023-01-03,Tarda,13.7625,0.1,0.1,8.3125,51
2023-01-04,Matí,8.85,0.0,0.0,7.85,1
2023-01-04,Nit,8.1875,0.0,0.0,7.0125,0
2023-01-04,Tarda,13.325,0.0,0.0,5.6625,0
2023-01-05,Matí,7.5375,0.0,0.0,8.1,0
2023-01-05,Nit,6.75,0.0,0.0,9.3,0
2023-01-05,Tarda,13.1125,0.0,0.0,10.5125,0
2023-01-06,Matí,7.075,0.0,0.0,7.8875,1
2023-01-06,Nit,5.7,0.0,0.0,9.0875,0
2023-01-06,Tarda,11.9875,0.0,0.0,5.4375,0
2023-01-07,Matí,6.5375,0.0,0.0,10.1125,0
2023-01-07,Nit,5.75,0.0,0.0,8.5,3
2023-01-07,Tarda,11.6625,0.0,0.0,12.1875,3
2023-01-08,Matí,10.8875,0.4,0.4,11.375,51
2023-01-08,Nit,8.875,0.0,0.0,10.2125,3
2023-01-08,Tarda,13.2125,0.2,0.2,9.5375,51
2023-01-09,Matí,9.674999999999999,0.0,0.0,8.0,1
2023-01-09,Nit,10.8625,0.0,0.0,11.3375,2
2023-01-09,Tarda,14.175,0.0,0.0,19.55,2
2023-01-10,Matí,7.3999999999999995,0.0,0.0,11.65,3
2023-01-10,Nit,7.6375,0.0,0.0,11.6375,2
2023-01-10,Tarda,11.825,0.0,0.0,6.975,3
2023-01-11,Matí,8.5,0.0,0.0,10.925,3
2023-01-11,Nit,6.7875,0.0,0.0,8.825,3
2023-01-11,Tarda,14.625,0.0,0.0,7.6625,3
2023-01-12,Matí,7.9,0.0,0.0,10.9375,3
2023-01-12,Nit,7.075,0.0,0.0,9.212499999999999,3
2023-01-12,Tarda,12.3625,0.0,0.0,10.175,3
2023-01-13,Matí,8.4,0.0,0.0,10.55,3
2023-01-13,Nit,6.9875,0.0,0.0,8.425,3
2023-01-13,Tarda,12.975,0.0,0.0,5.0875,3
2023-01-14,Matí,7.1375,0.0,0.0,10.4875,3
2023-01-14,Nit,5.9625,0.0,0.0,7.7875,2
2023-01-14,Tarda,13.8625,0.0,0.0,12.35,3
2023-01-15,Matí,10.0,0.0,0.0,9.6125,3
2023-01-15,Nit,9.1,0.0,0.0,11.1375,3
2023-01-15,Tarda,13.5,0.7,0.7,14.9875,51
2023-01-16,Matí,8.75,0.0,0.0,15.8875,3
2023-01-16,Nit,8.5375,0.7,0.7,8.7,51
2023-01-16,Tarda,12.7,0.0,0.0,20.0,3
2023-01-17,Matí,13.725,0.0,0.0,22.725,1
2023-01-17,Nit,11.2125,0.5,0.5,14.4875,51
2023-01-17,Tarda,12.475,0.0,0.0,27.025,3
2023-01-18,Matí,6.8125,0.0,0.0,22.9625,3
2023-01-18,Nit,7.475,0.0,0.0,16.325,3
2023-01-18,Tarda,10.2125,0.0,0.0,12.7375,3
2023-01-19,Matí,5.5625,0.0,0.0,23.7625,3
2023-01-19,Nit,6.125,0.0,0.0,14.5,3
2023-01-19,Tarda,10.775,0.0,0.0,20.5875,3
2023-01-20,Matí,6.3125,0.0,0.0,6.55,0
2023-01-20,Nit,8.175,0.0,0.0,16.875,3
2023-01-20,Tarda,11.525,0.0,0.0,14.725,3
2023-01-21,Matí,4.300000000000001,0.0,0.0,11.325,0
2023-01-21,Nit,2.9625,0.0,0.0,10.3625,0
2023-01-21,Tarda,9.2875,0.0,0.0,18.325,1
2023-01-22,Matí,3.35,0.0,0.0,13.4375,2
2023-01-22,Nit,2.5125,0.0,0.0,11.925,2
2023-01-22,Tarda,9.8375,0.0,0.0,10.3375,3
2023-01-23,Matí,2.1375,0.0,0.0,7.7125,2
2023-01-23,Nit,2.9125,0.0,0.0,7.45,3
2023-01-23,Tarda,7.9375,0.0,0.0,7.175,3
2023-01-24,Matí,4.45,0.1,0.1,7.05,51
2023-01-24,Nit,3.6125,0.0,0.0,7.2375,3
2023-01-24,Tarda,7.075,0.7,0.7,6.3374999999999995,53
2023-01-25,Matí,7.075,0.0,0.0,9.7625,3
2023-01-25,Nit,5.45,0.30000000000000004,0.30000000000000004,9.0125,51
2023-01-25,Tarda,11.85,0.0,0.0,8.9,0
2023-01-26,Matí,3.4375,0.0,0.0,10.0625,1
2023-01-26,Nit,4.1875,0.0,0.0,8.6375,1
2023-01-26,Tarda,9.0125,0.0,0.0,7.725,2
2023-01-27,Matí,4.325,0.0,0.0,9.775,3
2023-01-27,Nit,5.725,0.1,0.1,6.7625,51
2023-01-27,Tarda,9.1,0.1,0.1,13.725,51
2023-01-28,Matí,4.5125,0.0,0.0,6.1,3
2023-01-28,Nit,5.8875,1.1,1.1,5.0125,53
2023-01-28,Tarda,7.8999999999999995,0.6000000000000001,0.6000000000000001,10.05,51
2023-01-29,Matí,4.6375,0.0,0.0,7.2125,3
2023-01-29,Nit,4.4375,0.1,0.1,6.199999999999999,51
2023-01-29,Tarda,8.825,0.0,0.0,6.6875,0
2023-01-30,Matí,4.0,0.0,0.0,11.9375,1
2023-01-30,Nit,3.1,0.0,0.0,10.4875,2
2023-01-30,Tarda,9.8375,0.0,0.0,14.675,3
2023-01-31,Matí,4.65,0.0,0.0,13.3875,0
2023-01-31,Nit,4.0625,0.0,0.0,11.575,1
2023-01-31,Tarda,11.65,0.0,0.0,6.125,0
2023-02-01,Matí,5.6125,0.0,0.0,8.825,0
2023-02-01,Nit,3.55,0.0,0.0,7.9375,0
2023-02-01,Tarda,11.7,0.0,0.0,7.0125,1
2023-02-02,Matí,6.6875,0.0,0.0,10.1625,0
2023-02-02,Nit,4.4625,0.0,0.0,9.3125,0
2023-02-02,Tarda,12.675,0.0,0.0,8.725,0
2023-02-03,Matí,6.5875,0.0,0.0,9.9875,0
2023-02-03,Nit,4.75,0.0,0.0,9.4625,0
2023-02-03,Tarda,12.8375,0.0,0.0,8.825,0
2023-02-04,Matí,7.4,0.0,0.0,8.8125,0
2023-02-04,Nit,6.725,0.0,0.0,11.2875,0
2023-02-04,Tarda,17.1375,0.0,0.0,6.3375,0
2023-02-05,Matí,7.825,0.0,0.0,11.0,0
2023-02-05,Nit,8.1125,0.0,0.0,10.0625,0
2023-02-05,Tarda,13.912500000000001,0.0,0.0,9.887500000000001,0
2023-02-06,Matí,8.825,0.30000000000000004,0.30000000000000004,15.4375,51
2023-02-06,Nit,8.675,0.0,0.0,12.024999999999999,3
2023-02-06,Tarda,9.6125,0.1,0.1,24.400000000000002,51
2023-02-07,Matí,7.8374999999999995,5.1,5.1,22.525,61
2023-02-07,Nit,8.55,4.4,4.4,20.65,63
2023-02-07,Tarda,9.6375,22.5,22.5,33.0125,63
2023-02-08,Matí,8.5,0.4,0.4,21.2375,51
2023-02-08,Nit,8.525,3.0,3.0,24.95,61
2023-02-08,Tarda,9.4875,0.1,0.1,22.0125,51
2023-02-09,Matí,7.05,0.0,0.0,15.4875,2
2023-02-09,Nit,7.5,0.0,0.0,13.7125,3
2023-02-09,Tarda,9.55,0.0,0.0,14.9125,3
2023-02-10,Matí,6.5,0.0,0.0,8.5375,0
2023-02-10,Nit,6.4,0.0,0.0,6.7625,3
2023-02-10,Tarda,10.3125,0.0,0.0,12.3625,2
2023-02-11,Matí,4.925,0.0,0.0,6.075,0
2023-02-11,Nit,3.3375,0.0,0.0,8.9875,0
2023-02-11,Tarda,10.475,0.0,0.0,7.325,0
2023-02-12,Matí,4.5,0.0,0.0,6.7125,0
2023-02-12,Nit,3.6,0.0,0.0,7.1,0
2023-02-12,Tarda,10.8875,0.0,0.0,12.2125,0
2023-02-13,Matí,4.85,0.0,0.0,6.925,0
2023-02-13,Nit,4.1875,0.0,0.0,7.45,0
2023-02-13,Tarda,11.65,0.0,0.0,12.2125,0
2023-02-14,Matí,5.7625,0.0,0.0,9.237499999999999,3
2023-02-14,Nit,5.1375,0.0,0.0,6.95,3
2023-02-14,Tarda,11.5125,0.0,0.0,12.975,3
2023-02-15,Matí,6.75,0.0,0.0,6.2,3
2023-02-15,Nit,5.7625,0.0,0.0,5.8375,3
2023-02-15,Tarda,12.174999999999999,0.0,0.0,9.2375,3
2023-02-16,Matí,7.4125,0.0,0.0,7.2875,3
2023-02-16,Nit,6.7,0.0,0.0,6.3875,3
2023-02-16,Tarda,11.6375,0.0,0.0,7.0875,3
2023-02-17,Matí,8.5125,0.0,0.0,9.6,0
2023-02-17,Nit,5.825,0.0,0.0,7.6875,0
2023-02-17,Tarda,14.9125,0.0,0.0,10.8375,0
2023-02-18,Matí,9.725,0.0,0.0,9.2,0
2023-02-18,Nit,7.3875,0.0,0.0,9.8875,0
2023-02-18,Tarda,15.25,0.0,0.0,13.2375,0
2023-02-19,Matí,8.7125,0.0,0.0,7.3999999999999995,3
2023-02-19,Nit,6.9875,0.0,0.0,7.9125,3
2023-02-19,Tarda,15.7625,0.0,0.0,7.875,3
2023-02-20,Matí,9.9,0.0,0.0,9.4625,3
2023-02-20,Nit,7.775,0.0,0.0,6.55,3
2023-02-20,Tarda,13.75,0.0,0.0,10.625,0
2023-02-21,Matí,9.1,0.1,0.1,5.699999999999999,51
2023-02-21,Nit,8.5,0.0,0.0,5.8625,3
2023-02-21,Tarda,14.825,0.0,0.0,13.274999999999999,3
2023-02-22,Matí,9.9125,0.0,0.0,5.675,3
2023-02-22,Nit,10.3,0.0,0.0,4.0625,3
2023-02-22,Tarda,13.4625,0.0,0.0,7.95,2
2023-02-23,Matí,9.15,0.0,0.0,4.8,3
2023-02-23,Nit,9.7125,0.30000000000000004,0.30000000000000004,7.95,51
2023-02-23,Tarda,12.6875,1.4,1.4,9.8625,53
2023-02-24,Matí,8.875,0.0,0.0,15.7375,2
2023-02-24,Nit,10.7,2.9,2.9,12.925,53
2023-02-24,Tarda,12.625,0.0,0.0,10.037500000000001,3
2023-02-25,Matí,8.275,0.0,0.0,9.7125,3
2023-02-25,Nit,7.9375,0.1,0.1,8.875,51
2023-02-25,Tarda,12.1125,0.0,0.0,9.8,3
2023-02-26,Matí,7.5625,1.8,1.8,10.175,51
2023-02-26,Nit,7.1375,3.0,2.7,7.2,73
2023-02-26,Tarda,10.975,0.7,0.7,13.575,51
2023-02-27,Matí,3.75,1.1,1.1,10.275,51
2023-02-27,Nit,4.5,5.7,4.3,10.175,75
2023-02-27,Tarda,7.875,0.0,0.0,6.074999999999999,3
2023-02-28,Matí,8.2,0.39999999999999997,0.39999999999999997,14.725,51
2023-02-28,Nit,6.8375,0.5,0.3,14.0,71
2023-02-28,Tarda,11.2625,0.3,0.3,11.1875,51
2023-03-01,Matí,4.6375,0.0,0.0,9.625,2
2023-03-01,Nit,4.7,0.0,0.0,13.8625,3
2023-03-01,Tarda,9.450000000000001,0.0,0.0,13.262500000000001,0
2023-03-02,Matí,6.375,0.1,0.1,6.5375,51
2023-03-02,Nit,5.55,0.0,0.0,9.725,3
2023-03-02,Tarda,10.95,0.1,0.1,7.875,51
2023-03-03,Matí,5.9875,0.0,0.0,6.2625,1
2023-03-03,Nit,6.6125,0.0,0.0,6.35,3
2023-03-03,Tarda,11.75,0.0,0.0,11.8875,3
2023-03-04,Matí,7.3625,0.0,0.0,11.3875,0
2023-03-04,Nit,5.7125,0.0,0.0,8.925,2
2023-03-04,Tarda,12.1875,0.0,0.0,10.975000000000001,0
2023-03-05,Matí,7.075,0.0,0.0,8.05,0
2023-03-05,Nit,5.2875,0.0,0.0,7.075,3
2023-03-05,Tarda,13.275,0.0,0.0,20.075,3
2023-03-06,Matí,8.625,0.0,0.0,6.7875,3
2023-03-06,Nit,6.95,0.0,0.0,5.6499999999999995,3
2023-03-06,Tarda,12.4125,0.2,0.2,12.875,51
2023-03-07,Matí,9.2625,0.0,0.0,8.7625,3
2023-03-07,Nit,7.375,0.0,0.0,6.5875,2
2023-03-07,Tarda,16.925,0.0,0.0,16.225,3
2023-03-08,Matí,13.4125,0.0,0.0,14.575,3
2023-03-08,Nit,10.9125,0.0,0.0,9.8625,3
2023-03-08,Tarda,20.1,0.0,0.0,20.4625,3
2023-03-09,Matí,15.3,1.4,1.4,10.475,53
2023-03-09,Nit,15.1875,0.0,0.0,12.3125,3
2023-03-09,Tarda,17.8125,0.1,0.1,20.6125,51
2023-03-10,Matí,15.4125,0.0,0.0,19.875,3
2023-03-10,Nit,14.375,0.0,0.0,11.95,3
2023-03-10,Tarda,21.9625,0.0,0.0,20.575,3
2023-03-11,Matí,18.375,0.0,0.0,31.025,3
2023-03-11,Nit,17.9875,0.0,0.0,21.625,3
2023-03-11,Tarda,23.7,0.0,0.0,16.2875,3
2023-03-12,Matí,13.525,0.0,0.0,8.8625,3
2023-03-12,Nit,13.85,0.0,0.0,4.875,3
2023-03-12,Tarda,15.625,0.0,0.0,10.7125,3
2023-03-13,Matí,14.4625,0.0,0.0,9.4,3
2023-03-13,Nit,12.4125,0.0,0.0,6.6375,3
2023-03-13,Tarda,17.3375,0.0,0.0,16.05,3
2023-03-14,Matí,14.95,0.0,0.0,20.05,3
2023-03-14,Nit,15.337499999999999,0.0,0.0,15.175,3
2023-03-14,Tarda,17.45,0.0,0.0,14.975,3
2023-03-15,Matí,12.1625,0.0,0.0,9.3625,3
2023-03-15,Nit,9.8125,0.0,0.0,5.7625,3
2023-03-15,Tarda,14.6875,0.0,0.0,10.975,3
2023-03-16,Matí,11.4375,0.0,0.0,6.325,3
2023-03-16,Nit,11.15,0.0,0.0,5.824999999999999,3
2023-03-16,Tarda,15.2375,0.0,0.0,12.95,0
2023-03-17,Matí,12.675,0.1,0.1,11.9375,51
2023-03-17,Nit,11.4125,0.0,0.0,7.4,3
2023-03-17,Tarda,14.8375,0.1,0.1,14.0875,51
2023-03-18,Matí,14.0125,0.0,0.0,6.324999999999999,3
2023-03-18,Nit,12.4875,0.1,0.1,6.375,51
2023-03-18,Tarda,15.075,0.0,0.0,12.387500000000001,3
2023-03-19,Matí,12.4875,0.0,0.0,4.6625,2
2023-03-19,Nit,11.975,0.9,0.9,5.0125,53
2023-03-19,Tarda,15.6125,0.0,0.0,13.6375,2
2023-03-20,Matí,11.1125,0.2,0.2,9.925,51
2023-03-20,Nit,11.0125,0.0,0.0,5.9125,2
2023-03-20,Tarda,15.0125,0.1,0.1,14.1625,51
2023-03-21,Matí,11.75,0.0,0.0,8.2,3
2023-03-21,Nit,10.45,0.0,0.0,6.3125,3
2023-03-21,Tarda,15.4625,0.0,0.0,13.0875,3
2023-03-22,Matí,12.0875,0.0,0.0,10.0625,3
2023-03-22,Nit,10.7,0.0,0.0,6.675,3
2023-03-22,Tarda,16.5,0.0,0.0,17.6875,3
2023-03-23,Matí,13.462499999999999,0.0,0.0,8.5125,3
2023-03-23,Nit,12.6125,0.0,0.0,6.6,3
2023-03-23,Tarda,16.3375,0.0,0.0,15.025,1
2023-03-24,Matí,14.35,0.0,0.0,7.6375,3
2023-03-24,Nit,12.6375,0.0,0.0,3.85,3
2023-03-24,Tarda,19.8625,0.0,0.0,12.2875,3
2023-03-25,Matí,14.075,0.0,0.0,7.2375,3
2023-03-25,Nit,13.2375,0.0,0.0,3.625,3
2023-03-25,Tarda,16.175,0.0,0.0,17.375,3
2023-03-26,Matí,16.2375,0.0,0.0,12.0625,2
2023-03-26,Nit,11.875,0.0,0.0,6.85,3
2023-03-26,Tarda,20.7875,0.0,0.0,12.2,1
2023-03-27,Matí,14.087499999999999,0.0,0.0,13.5875,1
2023-03-27,Nit,13.7,0.0,0.0,13.1,1
2023-03-27,Tarda,15.6875,0.0,0.0,17.7625,0
2023-03-28,Matí,12.6625,0.1,0.1,7.7875,51
2023-03-28,Nit,11.2,0.1,0.1,6.2375,51
2023-03-28,Tarda,15.3875,0.0,0.0,15.8125,3
2023-03-29,Matí,14.225,0.0,0.0,16.45,2
2023-03-29,Nit,11.75,0.0,0.0,9.3375,3
2023-03-29,Tarda,16.875,0.0,0.0,21.1375,3
2023-03-30,Matí,13.9125,0.0,0.0,10.5625,3
2023-03-30,Nit,11.3625,0.0,0.0,5.6,3
2023-03-30,Tarda,15.5625,0.0,0.0,10.5,3
2023-03-31,Matí,18.8375,0.0,0.0,14.7375,3
2023-03-31,Nit,12.9,0.0,0.0,7.3625,3
2023-03-31,Tarda,17.4875,0.0,0.0,20.0125,3
2023-04-01,Matí,14.2375,0.1,0.1,8.2375,51
2023-04-01,Nit,12.9875,1.4,1.4,7.6625,55
2023-04-01,Tarda,19.05,0.3,0.3,13.7625,51
2023-04-02,Matí,13.275,0.0,0.0,16.6875,3
2023-04-02,Nit,11.4375,0.0,0.0,6.3375,3
2023-04-02,Tarda,18.5,0.0,0.0,15.337499999999999,3
2023-04-03,Matí,11.9,0.0,0.0,9.95,1
2023-04-03,Nit,11.5125,0.1,0.1,7.6375,51
2023-04-03,Tarda,15.737499999999999,0.0,0.0,14.275,2
2023-04-04,Matí,11.737499999999999,0.0,0.0,10.3125,0
2023-04-04,Nit,10.325,0.0,0.0,7.125,3
2023-04-04,Tarda,14.5125,0.0,0.0,14.275,3
2023-04-05,Matí,11.0625,0.0,0.0,8.5375,0
2023-04-05,Nit,9.9625,0.0,0.0,6.95,3
2023-04-05,Tarda,15.2875,0.0,0.0,15.6,3
2023-04-06,Matí,11.8375,0.0,0.0,8.45,3
2023-04-06,Nit,10.225,0.0,0.0,6.7,3
2023-04-06,Tarda,15.8875,0.0,0.0,17.2,3
2023-04-07,Matí,12.875,0.0,0.0,10.7625,1
2023-04-07,Nit,10.8125,0.0,0.0,6.1875,0
2023-04-07,Tarda,17.475,0.0,0.0,21.575,2
2023-04-08,Matí,13.6125,0.0,0.0,10.4875,2
2023-04-08,Nit,11.475,0.0,0.0,4.35,2
2023-04-08,Tarda,15.675,0.0,0.0,15.3125,3
2023-04-09,Matí,14.2625,0.0,0.0,10.3125,3
2023-04-09,Nit,11.1,0.0,0.0,7.4875,3
2023-04-09,Tarda,17.2375,0.0,0.0,14.775,3
2023-04-10,Matí,13.85,0.0,0.0,6.5625,3
2023-04-10,Nit,12.2625,0.0,0.0,6.05,3
2023-04-10,Tarda,16.975,0.0,0.0,10.0375,3
2023-04-11,Matí,13.8625,0.0,0.0,6.225,3
2023-04-11,Nit,13.225,0.0,0.0,4.275,3
2023-04-11,Tarda,17.724999999999998,0.0,0.0,19.45,3
2023-04-12,Matí,14.9375,0.0,0.0,9.75,3
2023-04-12,Nit,13.0625,0.0,0.0,6.2625,3
2023-04-12,Tarda,22.9,0.0,0.0,17.5375,3
2023-04-13,Matí,13.1125,4.0,4.0,13.15,61
2023-04-13,Nit,12.5625,1.0,1.0,12.625,53
2023-04-13,Tarda,16.3625,0.0,0.0,17.1,3
2023-04-14,Matí,12.35,0.0,0.0,5.5125,3
2023-04-14,Nit,11.875,0.0,0.0,7.475,3
2023-04-14,Tarda,19.2375,0.0,0.0,22.9625,3
2023-04-15,Matí,14.7625,0.0,0.0,7.4375,2
2023-04-15,Nit,12.9375,0.0,0.0,7.0875,3
2023-04-15,Tarda,16.275,0.0,0.0,16.9875,3
2023-04-16,Matí,13.7125,0.0,0.0,8.625,3
2023-04-16,Nit,12.175,0.0,0.0,7.3125,3
2023-04-16,Tarda,16.8875,0.0,0.0,14.4375,3
2023-04-17,Matí,12.5,0.0,0.0,8.5375,3
2023-04-17,Nit,11.425,0.0,0.0,7.074999999999999,3
2023-04-17,Tarda,16.1625,0.0,0.0,12.6625,3
2023-04-18,Matí,13.712499999999999,0.0,0.0,7.7,3
2023-04-18,Nit,12.5,1.1,1.1,4.85,53
2023-04-18,Tarda,16.9875,0.0,0.0,14.5125,1
2023-04-19,Matí,14.2,0.0,0.0,8.462499999999999,2
2023-04-19,Nit,11.8125,0.0,0.0,5.075,3
2023-04-19,Tarda,17.8125,0.0,0.0,16.6,3
2023-04-20,Matí,14.975,0.0,0.0,11.8125,0
2023-04-20,Nit,12.2,0.0,0.0,6.6375,2
2023-04-20,Tarda,18.275,0.0,0.0,18.7625,3
2023-04-21,Matí,16.15,0.0,0.0,6.925,2
2023-04-21,Nit,14.375,0.0,0.0,2.625,3
2023-04-21,Tarda,18.2875,0.0,0.0,16.2125,3
2023-04-22,Matí,15.8,0.0,0.0,6.875,3
2023-04-22,Nit,14.0875,0.0,0.0,3.75,3
2023-04-22,Tarda,18.525,0.0,0.0,15.9625,3
2023-04-23,Matí,16.475,0.0,0.0,8.2375,3
2023-04-23,Nit,15.025,0.0,0.0,7.4875,3
2023-04-23,Tarda,20.075,0.0,0.0,23.4625,3
2023-04-24,Matí,15.75,0.0,0.0,6.112500000000001,3
2023-04-24,Nit,14.475,0.0,0.0,8.0125,3
2023-04-24,Tarda,17.8625,0.0,0.0,15.8625,3
2023-04-25,Matí,16.125,0.0,0.0,7.9375,3
2023-04-25,Nit,14.899999999999999,0.0,0.0,4.85,3
2023-04-25,Tarda,17.775,0.0,0.0,14.45,3
2023-04-26,Matí,17.0625,0.0,0.0,7.2875,3
2023-04-26,Nit,15.5375,0.0,0.0,4.2124999999999995,3
2023-04-26,Tarda,18.7125,0.0,0.0,13.9125,3
2023-04-27,Matí,17.6625,0.0,0.0,7.8125,3
2023-04-27,Nit,16.05,0.0,0.0,4.9125,3
2023-04-27,Tarda,21.05,0.0,0.0,16.3875,3
2023-04-28,Matí,18.275,0.0,0.0,6.7875,3
2023-04-28,Nit,15.887500000000001,0.0,0.0,3.2624999999999997,3
2023-04-28,Tarda,20.2875,0.0,0.0,10.65,3
2023-04-29,Matí,18.9,0.0,0.0,11.0125,3
2023-04-29,Nit,17.5625,5.3,5.3,5.625,63
2023-04-29,Tarda,20.15,9.4,9.4,11.5875,65
2023-04-30,Matí,18.325,0.4,0.4,7.375,51
2023-04-30,Nit,17.725,1.8,1.8,5.55,61
2023-04-30,Tarda,19.9125,0.3,0.3,7.1875,51
2023-05-01,Matí,15.912500000000001,2.4,2.4,6.075,61
2023-05-01,Nit,16.6,0.2,0.2,3.05,51
2023-05-01,Tarda,17.35,0.0,0.0,5.925000000000001,2
2023-05-02,Matí,16.1375,0.0,0.0,5.6125,3
2023-05-02,Nit,14.575,0.0,0.0,5.3625,3
2023-05-02,Tarda,20.0125,0.0,0.0,15.9875,0
2023-05-03,Matí,16.5625,0.0,0.0,6.9,3
2023-05-03,Nit,14.65,0.0,0.0,7.0874999999999995,3
2023-05-03,Tarda,20.375,0.0,0.0,17.025000000000002,3
2023-05-04,Matí,17.4,0.0,0.0,8.85,3
2023-05-04,Nit,15.55,0.0,0.0,3.475,3
2023-05-04,Tarda,20.1125,0.0,0.0,14.7125,3
2023-05-05,Matí,17.55,0.0,0.0,8.175,3
2023-05-05,Nit,15.4375,0.0,0.0,4.025,3
2023-05-05,Tarda,20.675,0.0,0.0,15.6875,3
2023-05-06,Matí,17.4125,0.0,0.0,7.6625,3
2023-05-06,Nit,15.9125,0.0,0.0,4.025,3
2023-05-06,Tarda,20.0375,0.0,0.0,10.6625,3
2023-05-07,Matí,18.3375,0.0,0.0,7.825,3
2023-05-07,Nit,17.4625,0.0,0.0,5.0,3
2023-05-07,Tarda,20.55,0.0,0.0,9.7375,3
2023-05-08,Matí,18.7,0.0,0.0,7.075,1
2023-05-08,Nit,17.25,0.0,0.0,6.0625,3
2023-05-08,Tarda,20.3875,0.0,0.0,10.925,3
2023-05-09,Matí,19.4125,0.0,0.0,8.8,3
2023-05-09,Nit,17.2125,0.1,0.1,7.175,51
2023-05-09,Tarda,21.3,4.0,4.0,15.5375,63
2023-05-10,Matí,17.45,1.5,1.5,9.15,53
2023-05-10,Nit,16.8,0.1,0.1,7.525,51
2023-05-10,Tarda,18.2375,0.0,0.0,19.9625,3
2023-05-11,Matí,15.5375,0.2,0.2,16.25,51
2023-05-11,Nit,14.95,7.2,7.2,8.4,63
2023-05-11,Tarda,17.6375,0.2,0.2,16.8875,51
2023-05-12,Matí,13.6125,7.7,7.7,8.0,63
2023-05-12,Nit,13.1125,2.2,2.2,8.1875,55
2023-05-12,Tarda,14.9125,2.1,2.1,8.575,55
2023-05-13,Matí,14.0,1.3,1.3,7.8875,55
2023-05-13,Nit,12.875,0.0,0.0,8.025,3
2023-05-13,Tarda,16.425,0.6000000000000001,0.6000000000000001,7.925,51
2023-05-14,Matí,15.4,0.2,0.2,6.987500000000001,51
2023-05-14,Nit,13.8625,0.0,0.0,5.0125,3
2023-05-14,Tarda,18.3375,0.4,0.4,9.75,51
2023-05-15,Matí,17.6375,0.0,0.0,9.4875,2
2023-05-15,Nit,15.0125,0.0,0.0,6.6,1
2023-05-15,Tarda,20.775,0.0,0.0,10.45,3
2023-05-16,Matí,17.4,0.1,0.1,10.8375,51
2023-05-16,Nit,14.6625,0.0,0.0,7.612500000000001,3
2023-05-16,Tarda,20.0375,0.0,0.0,12.5625,3
2023-05-17,Matí,16.275,0.0,0.0,9.05,1
2023-05-17,Nit,14.4375,0.0,0.0,9.4125,3
2023-05-17,Tarda,19.05,0.0,0.0,13.975,3
2023-05-18,Matí,15.725,0.0,0.0,6.1875,3
2023-05-18,Nit,14.6875,0.0,0.0,5.45,3
2023-05-18,Tarda,17.675,1.0,1.0,8.3375,51
2023-05-19,Matí,16.15,0.0,0.0,8.9125,1
2023-05-19,Nit,14.45,1.2999999999999998,1.2999999999999998,12.1625,53
2023-05-19,Tarda,17.2375,7.1,7.1,9.6125,63
2023-05-20,Matí,17.2875,0.0,0.0,12.0875,3
2023-05-20,Nit,14.7875,0.8999999999999999,0.8999999999999999,8.424999999999999,53
2023-05-20,Tarda,18.7,3.5,3.5,7.725,61
2023-05-21,Matí,16.0375,0.0,0.0,8.5375,3
2023-05-21,Nit,15.100000000000001,0.0,0.0,5.05,3
2023-05-21,Tarda,17.85,2.9,2.9,6.3375,61
2023-05-22,Matí,18.5875,0.0,0.0,7.0625,3
2023-05-22,Nit,16.05,0.1,0.1,5.3,51
2023-05-22,Tarda,19.125,0.6,0.6,6.775,51
2023-05-23,Matí,18.2625,1.5,1.5,8.9375,55
2023-05-23,Nit,16.3875,0.2,0.2,5.2625,51
2023-05-23,Tarda,21.0125,0.5,0.5,11.1125,53
2023-05-24,Matí,19.3125,0.3,0.3,5.637499999999999,51
2023-05-24,Nit,16.5375,0.9,0.9,4.75,53
2023-05-24,Tarda,20.4125,0.4,0.4,9.6625,51
2023-05-25,Matí,17.1,7.0,7.0,7.9375,61
2023-05-25,Nit,16.7875,8.5,8.5,5.6,63
2023-05-25,Tarda,16.7125,18.599999999999998,18.599999999999998,6.5,63
2023-05-26,Matí,18.075,0.0,0.0,6.8,1
2023-05-26,Nit,15.95,0.0,0.0,4.375,3
2023-05-26,Tarda,19.5125,0.0,0.0,8.3875,2
2023-05-27,Matí,19.775,0.0,0.0,7.2125,3
2023-05-27,Nit,16.3375,0.0,0.0,6.125,3
2023-05-27,Tarda,23.275,0.0,0.0,11.8375,3
2023-05-28,Matí,19.375,0.0,0.0,9.55,3
2023-05-28,Nit,16.7,0.0,0.0,7.675,3
2023-05-28,Tarda,23.2625,0.0,0.0,17.225,3
2023-05-29,Matí,18.2625,0.0,0.0,10.6125,3
2023-05-29,Nit,16.7,0.0,0.0,6.175,3
2023-05-29,Tarda,20.575,0.0,0.0,10.225,1
2023-05-30,Matí,19.125,0.0,0.0,6.375,3
2023-05-30,Nit,17.375,0.0,0.0,5.2875,1
2023-05-30,Tarda,22.5375,0.0,0.0,10.4375,3
2023-05-31,Matí,20.125,0.0,0.0,10.3125,3
2023-05-31,Nit,17.9375,0.0,0.0,6.4375,3
2023-05-31,Tarda,22.0375,0.2,0.2,9.75,51
2023-06-01,Matí,19.2875,1.0,1.0,6.025,53
2023-06-01,Nit,18.375,1.1,1.1,6.8625,53
2023-06-01,Tarda,20.5375,8.6,8.6,6.2625,65
2023-06-02,Matí,19.0125,0.0,0.0,6.975,2
2023-06-02,Nit,17.8125,0.0,0.0,4.9625,3
2023-06-02,Tarda,21.675,0.0,0.0,8.525,3
2023-06-03,Matí,18.3375,3.7,3.7,11.4125,63
2023-06-03,Nit,18.0875,0.0,0.0,4.7375,1
2023-06-03,Tarda,19.4,1.0,1.0,7.4375,53
2023-06-04,Matí,18.5375,0.4,0.4,9.6125,51
2023-06-04,Nit,17.85,3.8,3.8,5.6875,61
2023-06-04,Tarda,21.5375,0.30000000000000004,0.30000000000000004,9.1125,51
2023-06-05,Matí,19.7625,0.0,0.0,6.9875,3
2023-06-05,Nit,18.7625,0.0,0.0,4.2625,3
2023-06-05,Tarda,23.45,0.1,0.1,12.4,51
2023-06-06,Matí,21.6625,0.0,0.0,9.8,3
2023-06-06,Nit,19.1625,0.0,0.0,7.3625,3
2023-06-06,Tarda,24.35,0.0,0.0,17.5625,3
2023-06-07,Matí,20.1125,0.0,0.0,6.8625,3
2023-06-07,Nit,19.325,0.0,0.0,5.4,3
2023-06-07,Tarda,22.7875,0.0,0.0,13.3125,3
2023-06-08,Matí,22.1375,0.1,0.1,6.925000000000001,51
2023-06-08,Nit,20.275,0.0,0.0,5.7,3
2023-06-08,Tarda,23.325,0.0,0.0,13.9,3
2023-06-09,Matí,22.4875,0.5,0.5,11.525,51
2023-06-09,Nit,21.1125,0.5,0.5,4.6875,51
2023-06-09,Tarda,24.8875,0.0,0.0,19.775,3
2023-06-10,Matí,22.2875,0.0,0.0,8.125,3
2023-06-10,Nit,20.775,0.0,0.0,4.95,2
2023-06-10,Tarda,24.3,0.0,0.0,8.7625,3
2023-06-11,Matí,23.2625,0.0,0.0,6.55,3
2023-06-11,Nit,21.85,3.4000000000000004,3.4000000000000004,7.725,63
2023-06-11,Tarda,25.8375,0.0,0.0,9.7875,3
2023-06-12,Matí,23.075,0.0,0.0,11.1375,3
2023-06-12,Nit,21.6375,0.0,0.0,5.5875,3
2023-06-12,Tarda,25.025,0.0,0.0,11.3875,3
2023-06-13,Matí,22.275,5.6,5.6,7.0125,63
2023-06-13,Nit,21.15,5.5,5.5,7.5874999999999995,63
2023-06-13,Tarda,21.8875,6.499999999999999,6.499999999999999,7.6875,63
2023-06-14,Matí,22.0,0.0,0.0,5.95,3
2023-06-14,Nit,20.35,0.0,0.0,6.362500000000001,3
2023-06-14,Tarda,24.2,1.5,1.5,9.925,61
2023-06-15,Matí,23.1125,0.0,0.0,7.3,3
2023-06-15,Nit,21.35,0.0,0.0,4.3999999999999995,3
2023-06-15,Tarda,25.9625,0.0,0.0,11.7375,3
2023-06-16,Matí,23.0375,0.0,0.0,7.5,3
2023-06-16,Nit,20.95,0.0,0.0,5.475,3
2023-06-16,Tarda,26.9125,0.0,0.0,15.5125,3
2023-06-17,Matí,24.15,0.0,0.0,10.2,3
2023-06-17,Nit,21.95,0.0,0.0,7.0,3
2023-06-17,Tarda,27.5375,0.0,0.0,17.7625,3
2023-06-18,Matí,25.45,0.0,0.0,10.0375,3
2023-06-18,Nit,22.9875,0.0,0.0,6.9625,3
2023-06-18,Tarda,25.7625,0.1,0.1,10.5625,51
2023-06-19,Matí,24.525,0.0,0.0,16.65,3
2023-06-19,Nit,22.1125,0.0,0.0,9.037500000000001,3
2023-06-19,Tarda,27.325,0.0,0.0,25.0,3
2023-06-20,Matí,23.7375,0.0,0.0,8.3875,3
2023-06-20,Nit,21.525,0.0,0.0,4.6875,3
2023-06-20,Tarda,25.9375,0.0,0.0,8.6125,3
2023-06-21,Matí,26.2625,0.0,0.0,15.775,3
2023-06-21,Nit,22.8375,0.0,0.0,7.125,3
2023-06-21,Tarda,26.0875,0.0,0.0,16.225,3
2023-06-22,Matí,25.4125,0.0,0.0,10.8125,3
2023-06-22,Nit,23.2,0.0,0.0,6.125,3
2023-06-22,Tarda,26.7625,0.1,0.1,17.9875,51
2023-06-23,Matí,24.825,0.0,0.0,8.8625,1
2023-06-23,Nit,22.65,0.0,0.0,5.5375,1
2023-06-23,Tarda,26.8125,0.0,0.0,19.2125,1
2023-06-24,Matí,24.75,0.0,0.0,8.7375,3
2023-06-24,Nit,22.875,0.0,0.0,4.6125,0
2023-06-24,Tarda,26.775,0.0,0.0,14.3625,0
2023-06-25,Matí,25.8125,0.0,0.0,9.8375,0
2023-06-25,Nit,23.4625,0.0,0.0,7.5625,0
2023-06-25,Tarda,28.25,0.0,0.0,17.4875,0
2023-06-26,Matí,26.1875,0.0,0.0,7.3875,3
2023-06-26,Nit,24.7375,0.0,0.0,5.65,3
2023-06-26,Tarda,27.9375,0.0,0.0,12.6125,3
2023-06-27,Matí,25.5875,0.1,0.1,9.025,51
2023-06-27,Nit,24.125,0.0,0.0,6.0125,3
2023-06-27,Tarda,27.2375,0.0,0.0,17.95,3
2023-06-28,Matí,25.6,0.0,0.0,6.7125,3
2023-06-28,Nit,23.95,0.0,0.0,4.95,3
2023-06-28,Tarda,27.9625,0.2,0.2,11.7375,51
2023-06-29,Matí,24.8875,0.0,0.0,6.2125,3
2023-06-29,Nit,23.3875,3.4000000000000004,3.4000000000000004,5.6125,61
2023-06-29,Tarda,26.0375,0.4,0.4,10.2375,51
2023-06-30,Matí,22.4,0.6,0.6,7.2625,53
2023-06-30,Nit,21.5875,4.7,4.7,6.45,61
2023-06-30,Tarda,23.2375,0.5,0.5,12.8375,51
2023-07-01,Matí,21.462500000000002,0.4,0.4,5.6125,51
2023-07-01,Nit,20.95,4.1,4.1,9.0,61
2023-07-01,Tarda,25.5,0.0,0.0,16.125,3
2023-07-02,Matí,23.175,0.1,0.1,11.45,51
2023-07-02,Nit,21.625,0.0,0.0,4.025,0
2023-07-02,Tarda,25.625,0.0,0.0,12.475,3
2023-07-03,Matí,23.75,0.0,0.0,8.0125,2
2023-07-03,Nit,22.4625,0.0,0.0,3.575,3
2023-07-03,Tarda,26.7375,0.1,0.1,14.925,51
2023-07-04,Matí,23.275,9.799999999999999,9.799999999999999,6.575,65
2023-07-04,Nit,22.55,0.0,0.0,2.6,0
2023-07-04,Tarda,24.2875,0.0,0.0,8.2875,3
2023-07-05,Matí,22.875,0.2,0.2,9.9375,51
2023-07-05,Nit,21.4125,0.0,0.0,3.6125,3
2023-07-05,Tarda,24.55,0.5,0.5,10.450000000000001,53
2023-07-06,Matí,22.8,4.7,4.7,6.2625,63
2023-07-06,Nit,22.025,0.0,0.0,4.2,3
2023-07-06,Tarda,26.525,0.0,0.0,10.9875,3
2023-07-07,Matí,24.5375,0.0,0.0,10.55,3
2023-07-07,Nit,22.15,0.0,0.0,4.65,1
2023-07-07,Tarda,26.4125,0.0,0.0,18.425,3
2023-07-08,Matí,26.375,0.0,0.0,7.5625,0
2023-07-08,Nit,22.55,0.0,0.0,5.025,0
2023-07-08,Tarda,27.525,0.0,0.0,11.3875,0
2023-07-09,Matí,25.675,0.0,0.0,4.9,0
2023-07-09,Nit,23.1,0.0,0.0,3.9,0
2023-07-09,Tarda,28.1625,0.0,0.0,9.8125,1
2023-07-10,Matí,26.6,0.0,0.0,7.825,0
2023-07-10,Nit,24.025,0.0,0.0,4.8375,3
2023-07-10,Tarda,28.6625,0.0,0.0,9.5875,2
2023-07-11,Matí,26.1625,0.0,0.0,7.5875,3
2023-07-11,Nit,24.475,0.0,0.0,4.725,2
2023-07-11,Tarda,28.65,0.0,0.0,10.875,3
2023-07-12,Matí,26.675,0.0,0.0,7.925,1
2023-07-12,Nit,24.925,0.0,0.0,6.075,3
2023-07-12,Tarda,27.65,0.0,0.0,12.625,3
2023-07-13,Matí,26.725,0.2,0.2,8.8625,51
2023-07-13,Nit,24.95,0.0,0.0,6.325,3
2023-07-13,Tarda,27.75,0.0,0.0,18.3125,3
2023-07-14,Matí,27.175,0.0,0.0,12.075,1
2023-07-14,Nit,24.675,0.0,0.0,4.5375,2
2023-07-14,Tarda,29.4125,0.0,0.0,21.95,1
2023-07-15,Matí,26.025,0.0,0.0,6.2625,0
2023-07-15,Nit,24.475,0.0,0.0,3.4375,1
2023-07-15,Tarda,28.625,0.0,0.0,17.1,1
2023-07-16,Matí,26.0625,0.0,0.0,8.2625,2
2023-07-16,Nit,25.0875,0.2,0.2,7.3125,51
2023-07-16,Tarda,27.425,0.0,0.0,13.7625,1
2023-07-17,Matí,26.3,0.0,0.0,8.4125,1
2023-07-17,Nit,24.4625,0.0,0.0,3.1125,1
2023-07-17,Tarda,27.9,0.0,0.0,10.8625,1
2023-07-18,Matí,27.1625,0.0,0.0,8.825,0
2023-07-18,Nit,24.2875,0.0,0.0,4.3125,0
2023-07-18,Tarda,32.7125,0.0,0.0,17.1125,1
2023-07-19,Matí,28.3125,0.0,0.0,6.987500000000001,1
2023-07-19,Nit,25.3125,0.0,0.0,4.8,3
2023-07-19,Tarda,29.9875,0.0,0.0,15.225000000000001,1
2023-07-20,Matí,26.55,0.0,0.0,8.9625,0
2023-07-20,Nit,25.2,0.0,0.0,4.125,0
2023-07-20,Tarda,28.825,0.0,0.0,16.45,1
2023-07-21,Matí,27.0875,0.1,0.1,9.2,51
2023-07-21,Nit,25.5,0.0,0.0,5.5,3
2023-07-21,Tarda,27.6875,0.1,0.1,17.9625,51
2023-07-22,Matí,25.225,0.0,0.0,7.675,2
2023-07-22,Nit,24.6625,0.0,0.0,4.4,2
2023-07-22,Tarda,27.45,0.0,0.0,14.5125,2
2023-07-23,Matí,26.2375,0.0,0.0,6.8375,0
2023-07-23,Nit,24.4,0.0,0.0,4.3625,1
2023-07-23,Tarda,28.6125,0.0,0.0,16.475,3
2023-07-24,Matí,26.825,0.1,0.1,8.4,51
2023-07-24,Nit,25.2125,0.0,0.0,4.1625,3
2023-07-24,Tarda,27.8,0.0,0.0,18.7625,3
2023-07-25,Matí,25.0625,0.0,0.0,8.55,1
2023-07-25,Nit,23.2,0.30000000000000004,0.30000000000000004,12.087499999999999,51
2023-07-25,Tarda,29.0875,0.0,0.0,23.3625,1
2023-07-26,Matí,23.375,0.7,0.7,13.925,51
2023-07-26,Nit,23.3625,0.0,0.0,10.325,3
2023-07-26,Tarda,24.8375,1.3,1.3,16.8,53
2023-07-27,Matí,24.7125,0.0,0.0,8.8375,3
2023-07-27,Nit,23.025,0.0,0.0,4.9375,1
2023-07-27,Tarda,28.3625,0.6,0.6,20.525,53
2023-07-28,Matí,24.375,0.0,0.0,6.737500000000001,1
2023-07-28,Nit,23.0875,0.5,0.5,5.7,53
2023-07-28,Tarda,28.4375,0.0,0.0,17.325,1
2023-07-29,Matí,26.3,0.0,0.0,9.2375,1
2023-07-29,Nit,24.325,0.0,0.0,3.0,0
2023-07-29,Tarda,29.325,0.0,0.0,21.9625,1
2023-07-30,Matí,26.6375,0.30000000000000004,0.30000000000000004,7.8875,51
2023-07-30,Nit,25.1625,0.0,0.0,4.0375,0
2023-07-30,Tarda,27.575,0.0,0.0,14.7125,2
2023-07-31,Matí,25.7,0.30000000000000004,0.30000000000000004,11.2625,51
2023-07-31,Nit,24.5,0.0,0.0,4.3374999999999995,2
2023-07-31,Tarda,28.1375,0.0,0.0,21.2,3
2023-08-01,Matí,26.225,0.1,0.1,6.7,51
2023-08-01,Nit,25.0875,0.1,0.1,6.35,51
2023-08-01,Tarda,28.7375,0.0,0.0,22.5,2
2023-08-02,Matí,26.85,0.0,0.0,8.975,0
2023-08-02,Nit,24.9875,0.2,0.2,7.9875,51
2023-08-02,Tarda,30.0375,0.0,0.0,22.75,0
2023-08-03,Matí,25.075,0.30000000000000004,0.30000000000000004,11.5625,51
2023-08-03,Nit,25.9,0.30000000000000004,0.30000000000000004,8.65,51
2023-08-03,Tarda,25.9,0.0,0.0,16.7375,3
2023-08-04,Matí,20.6125,4.0,4.0,9.05,63
2023-08-04,Nit,22.675,0.7,0.7,11.3,53
2023-08-04,Tarda,25.925,0.0,0.0,14.637500000000001,2
2023-08-05,Matí,22.35,0.0,0.0,9.85,0
2023-08-05,Nit,21.625,0.1,0.1,5.2,51
2023-08-05,Tarda,26.425,0.0,0.0,19.0375,0
2023-08-06,Matí,23.3875,0.2,0.2,8.775,51
2023-08-06,Nit,22.3375,0.0,0.0,8.65,3
2023-08-06,Tarda,24.775000000000002,0.1,0.1,17.4,51
2023-08-07,Matí,23.825,0.0,0.0,13.649999999999999,3
2023-08-07,Nit,22.7,0.2,0.2,8.425,51
2023-08-07,Tarda,25.725,0.0,0.0,20.925,3
2023-08-08,Matí,23.5125,0.2,0.2,6.5125,51
2023-08-08,Nit,22.9,0.0,0.0,4.3625,1
2023-08-08,Tarda,26.5375,0.1,0.1,16.225,51
2023-08-09,Matí,24.95,0.0,0.0,5.7625,1
2023-08-09,Nit,23.2625,0.0,0.0,5.3,0
2023-08-09,Tarda,28.425,0.0,0.0,18.8875,0
2023-08-10,Matí,26.325,0.0,0.0,8.4125,0
2023-08-10,Nit,24.3125,0.0,0.0,4.9875,3
2023-08-10,Tarda,28.05,0.0,0.0,14.1375,3
2023-08-11,Matí,26.725,0.0,0.0,6.8625,2
2023-08-11,Nit,24.2625,0.0,0.0,3.6999999999999997,0
2023-08-11,Tarda,29.875,0.0,0.0,16.9625,0
2023-08-12,Matí,25.7375,0.0,0.0,10.025,1
2023-08-12,Nit,24.85,0.0,0.0,5.6125,1
2023-08-12,Tarda,27.525,0.0,0.0,13.1125,1
2023-08-13,Matí,26.0,0.0,0.0,6.1,2
2023-08-13,Nit,24.8125,0.0,0.0,4.45,3
2023-08-13,Tarda,27.7625,0.0,0.0,14.5375,2
2023-08-14,Matí,26.025,0.0,0.0,6.2,0
2023-08-14,Nit,24.65,0.0,0.0,3.5875,0
2023-08-14,Tarda,28.4625,0.0,0.0,12.5625,1
2023-08-15,Matí,26.475,0.0,0.0,7.3625,1
2023-08-15,Nit,24.7625,0.0,0.0,4.7375,3
2023-08-15,Tarda,28.6,0.0,0.0,13.4,3
2023-08-16,Matí,26.6375,0.0,0.0,10.225,3
2023-08-16,Nit,24.925,0.0,0.0,5.2625,3
2023-08-16,Tarda,28.3125,0.0,0.0,14.2125,3
2023-08-17,Matí,27.3625,0.0,0.0,16.75,1
2023-08-17,Nit,25.3875,0.0,0.0,12.1625,1
2023-08-17,Tarda,28.950000000000003,0.0,0.0,19.75,3
2023-08-18,Matí,25.7625,0.0,0.0,7.225,2
2023-08-18,Nit,24.725,0.0,0.0,4.575,2
2023-08-18,Tarda,28.4,0.0,0.0,12.25,3
2023-08-19,Matí,26.25,0.30000000000000004,0.30000000000000004,7.300000000000001,51
2023-08-19,Nit,25.2125,0.0,0.0,1.4875,3
2023-08-19,Tarda,28.2375,0.0,0.0,12.0625,2
2023-08-20,Matí,28.2,0.0,0.0,5.425,0
2023-08-20,Nit,26.0125,0.0,0.0,3.4625,0
2023-08-20,Tarda,32.275,0.0,0.0,13.4375,0
2023-08-21,Matí,29.8125,0.0,0.0,6.85,0
2023-08-21,Nit,27.5875,0.0,0.0,2.625,3
2023-08-21,Tarda,31.5375,0.0,0.0,10.775,3
2023-08-22,Matí,28.525,0.0,0.0,5.975,0
2023-08-22,Nit,27.5125,0.0,0.0,3.1875,3
2023-08-22,Tarda,31.35,0.0,0.0,11.5875,2
2023-08-23,Matí,30.137500000000003,0.0,0.0,7.575,0
2023-08-23,Nit,27.925,0.0,0.0,3.975,3
2023-08-23,Tarda,32.5375,0.0,0.0,10.375,3
2023-08-24,Matí,28.85,0.0,0.0,7.2125,0
2023-08-24,Nit,28.1625,0.0,0.0,5.475,0
2023-08-24,Tarda,33.1,0.0,0.0,17.0625,0
2023-08-25,Matí,27.475,0.0,0.0,6.8875,1
2023-08-25,Nit,26.7,0.0,0.0,4.3875,2
2023-08-25,Tarda,30.3625,0.0,0.0,16.6625,2
2023-08-26,Matí,27.162499999999998,0.1,0.1,11.0875,51
2023-08-26,Nit,26.424999999999997,0.6,0.6,6.75,53
2023-08-26,Tarda,28.45,0.8999999999999999,0.8999999999999999,11.525,53
2023-08-27,Matí,20.075,27.0,27.0,14.125,63
2023-08-27,Nit,23.15,7.6,7.6,5.7625,63
2023-08-27,Tarda,21.2125,8.799999999999999,8.799999999999999,9.0,63
2023-08-28,Matí,21.1,0.0,0.0,14.387500000000001,3
2023-08-28,Nit,19.5125,0.0,0.0,9.75,2
2023-08-28,Tarda,27.125,0.0,0.0,14.5875,2
2023-08-29,Matí,19.65,0.0,0.0,5.55,2
2023-08-29,Nit,18.8375,0.4,0.4,7.3875,51
2023-08-29,Tarda,24.4,0.0,0.0,20.2875,3
2023-08-30,Matí,20.025,0.5,0.5,5.325,51
2023-08-30,Nit,19.5375,1.1,1.1,4.9375,51
2023-08-30,Tarda,22.875,0.2,0.2,12.725,51
2023-08-31,Matí,20.525,0.8,0.8,5.0125,51
2023-08-31,Nit,19.325,1.5,1.5,5.9375,55
2023-08-31,Tarda,24.8875,0.0,0.0,11.4375,2
2023-09-01,Matí,21.9375,0.0,0.0,6.2,3
2023-09-01,Nit,19.75,0.0,0.0,4.3625,3
2023-09-01,Tarda,26.075,0.0,0.0,14.575000000000001,3
2023-09-02,Matí,23.6,0.1,0.1,12.5625,51
2023-09-02,Nit,22.1625,0.5,0.5,8.1375,51
2023-09-02,Tarda,24.225,0.5,0.5,21.6,51
2023-09-03,Matí,24.075,0.0,0.0,24.0625,3
2023-09-03,Nit,22.7125,0.0,0.0,19.775,3
2023-09-03,Tarda,26.95,0.0,0.0,29.65,3
2023-09-04,Matí,26.175,0.0,0.0,23.025,3
2023-09-04,Nit,24.3875,0.0,0.0,15.6,3
2023-09-04,Tarda,27.7125,0.0,0.0,23.1375,1
2023-09-05,Matí,25.425,0.0,0.0,13.0,0
2023-09-05,Nit,22.8375,0.0,0.0,7.7625,3
2023-09-05,Tarda,26.75,0.0,0.0,12.5,1
2023-09-06,Matí,24.4875,0.0,0.0,11.087499999999999,0
2023-09-06,Nit,22.525,0.0,0.0,5.8875,3
2023-09-06,Tarda,25.775,0.0,0.0,12.7625,0
2023-09-07,Matí,21.8125,0.0,0.0,6.487500000000001,0
2023-09-07,Nit,20.6875,0.0,0.0,4.1125,0
2023-09-07,Tarda,25.5375,0.0,0.0,10.1375,0
2023-09-08,Matí,21.875,0.0,0.0,7.7875,0
2023-09-08,Nit,19.9,0.0,0.0,3.6625,1
2023-09-08,Tarda,25.7,0.0,0.0,10.425,2
2023-09-09,Matí,21.375,0.0,0.0,5.925,1
2023-09-09,Nit,20.225,0.0,0.0,3.0125,2
2023-09-09,Tarda,25.4,0.0,0.0,10.275,0
2023-09-10,Matí,22.15,0.0,0.0,5.5125,0
2023-09-10,Nit,20.8125,0.0,0.0,3.2125,3
2023-09-10,Tarda,25.7,0.0,0.0,10.6,3
2023-09-11,Matí,22.725,0.0,0.0,5.8375,3
2023-09-11,Nit,21.6,0.0,0.0,3.8,3
2023-09-11,Tarda,25.912499999999998,0.0,0.0,13.775,3
2023-09-12,Matí,23.125,0.0,0.0,5.9375,3
2023-09-12,Nit,21.2375,0.0,0.0,5.4875,3
2023-09-12,Tarda,25.9875,0.1,0.1,9.375,51
2023-09-13,Matí,21.4875,3.4,3.4,7.1375,55
2023-09-13,Nit,21.1625,1.1,1.1,7.825,55
2023-09-13,Tarda,25.35,2.5,2.5,6.925,61
2023-09-14,Matí,22.2125,0.0,0.0,5.9875,3
2023-09-14,Nit,21.05,0.0,0.0,4.5874999999999995,3
2023-09-14,Tarda,25.8375,0.9,0.9,12.375,53
2023-09-15,Matí,21.825,2.2,2.2,7.425,61
2023-09-15,Nit,19.95,0.0,0.0,4.4625,3
2023-09-15,Tarda,21.025,37.0,37.0,10.525,65
2023-09-16,Matí,21.1625,0.0,0.0,5.225,3
2023-09-16,Nit,20.575,4.6,4.6,3.9625000000000004,61
2023-09-16,Tarda,25.4375,0.0,0.0,11.0,3
2023-09-17,Matí,22.9625,0.0,0.0,5.2124999999999995,3
2023-09-17,Nit,21.45,0.0,0.0,4.375,3
2023-09-17,Tarda,26.4,0.1,0.1,8.725,51
2023-09-18,Matí,23.9,0.0,0.0,10.85,3
2023-09-18,Nit,23.275,0.0,0.0,8.3125,3
2023-09-18,Tarda,27.25,0.0,0.0,14.7625,3
2023-09-19,Matí,22.8125,0.0,0.0,5.2375,3
2023-09-19,Nit,21.3875,0.0,0.0,5.6625,3
2023-09-19,Tarda,24.025,0.6,0.6,10.2375,53
2023-09-20,Matí,20.8,0.30000000000000004,0.30000000000000004,3.6125,51
2023-09-20,Nit,20.8,9.200000000000001,9.200000000000001,4.2,63
2023-09-20,Tarda,22.0625,5.2,5.2,13.475,63
2023-09-21,Matí,21.8375,0.0,0.0,8.7125,3
2023-09-21,Nit,19.875,0.0,0.0,7.025,3
2023-09-21,Tarda,25.7125,0.0,0.0,17.4375,3
2023-09-22,Matí,20.2,0.0,0.0,7.5125,3
2023-09-22,Nit,20.225,0.0,0.0,7.45,3
2023-09-22,Tarda,24.675,0.0,0.0,11.137500000000001,1
2023-09-23,Matí,18.037499999999998,0.0,0.0,6.0125,0
2023-09-23,Nit,17.5875,0.2,0.2,6.9624999999999995,51
2023-09-23,Tarda,22.0125,0.30000000000000004,0.30000000000000004,12.4875,51
2023-09-24,Matí,19.45,0.0,0.0,8.5375,1
2023-09-24,Nit,18.5375,0.0,0.0,5.875,1
2023-09-24,Tarda,23.275,0.0,0.0,13.5,2
2023-09-25,Matí,20.25,0.0,0.0,7.25,1
2023-09-25,Nit,18.35,0.0,0.0,4.4125,0
2023-09-25,Tarda,23.675,0.0,0.0,9.2625,0
2023-09-26,Matí,19.6875,0.0,0.0,5.15,0
2023-09-26,Nit,18.3875,0.0,0.0,3.775,1
2023-09-26,Tarda,24.4875,0.0,0.0,13.2875,0
2023-09-27,Matí,20.625,0.0,0.0,5.375,0
2023-09-27,Nit,19.175,0.0,0.0,3.6,3
2023-09-27,Tarda,25.775,0.0,0.0,16.325,3
2023-09-28,Matí,20.25,0.0,0.0,5.85,3
2023-09-28,Nit,19.975,0.0,0.0,3.4375,3
2023-09-28,Tarda,25.4625,0.0,0.0,16.3125,3
2023-09-29,Matí,22.0125,0.0,0.0,6.85,1
2023-09-29,Nit,20.25,0.0,0.0,3.7125,0
2023-09-29,Tarda,26.1,0.0,0.0,9.6875,0
2023-09-30,Matí,22.875,0.0,0.0,8.1,0
2023-09-30,Nit,20.7875,0.0,0.0,5.2625,0
2023-09-30,Tarda,26.475,0.0,0.0,13.275,0
2023-10-01,Matí,23.325,0.0,0.0,8.5375,0
2023-10-01,Nit,20.6625,0.0,0.0,3.6625,0
2023-10-01,Tarda,25.0,0.0,0.0,10.975,0
2023-10-02,Matí,21.6625,0.0,0.0,4.7875,3
2023-10-02,Nit,20.6375,0.0,0.0,2.2875,2
2023-10-02,Tarda,24.3125,0.0,0.0,11.275,2
2023-10-03,Matí,21.3,0.0,0.0,5.762499999999999,3
2023-10-03,Nit,20.275,0.0,0.0,3.6999999999999997,3
2023-10-03,Tarda,24.75,0.0,0.0,12.1,3
2023-10-04,Matí,24.375,0.0,0.0,6.9,3
2023-10-04,Nit,21.5875,0.0,0.0,3.3,3
2023-10-04,Tarda,26.2125,0.0,0.0,21.1,2
2023-10-05,Matí,21.5125,0.0,0.0,5.8,3
2023-10-05,Nit,20.75,0.0,0.0,2.825,2
2023-10-05,Tarda,24.5,0.0,0.0,13.3375,3
2023-10-06,Matí,20.875,0.0,0.0,6.525,0
2023-10-06,Nit,20.275,0.0,0.0,3.8,0
2023-10-06,Tarda,24.8375,0.0,0.0,10.0375,0
2023-10-07,Matí,22.275,0.1,0.1,5.6,51
2023-10-07,Nit,20.8375,0.0,0.0,2.825,3
2023-10-07,Tarda,24.2375,0.0,0.0,10.65,3
2023-10-08,Matí,20.975,0.0,0.0,4.9,2
2023-10-08,Nit,19.775,0.0,0.0,3.325,1
2023-10-08,Tarda,24.1875,0.0,0.0,10.9875,2
2023-10-09,Matí,20.9125,0.0,0.0,6.2125,3
2023-10-09,Nit,19.225,0.0,0.0,4.1625,3
2023-10-09,Tarda,24.7875,0.0,0.0,14.7125,0
2023-10-10,Matí,20.5,0.0,0.0,6.4375,2
2023-10-10,Nit,18.7625,0.0,0.0,4.4875,3
2023-10-10,Tarda,25.2,0.0,0.0,15.6,0
2023-10-11,Matí,18.925,0.0,0.0,6.8625,3
2023-10-11,Nit,17.875,0.0,0.0,4.2375,3
2023-10-11,Tarda,24.3375,0.0,0.0,14.450000000000001,0
2023-10-12,Matí,19.1125,0.0,0.0,6.7125,3
2023-10-12,Nit,18.0625,0.0,0.0,4.2125,3
2023-10-12,Tarda,24.2375,0.0,0.0,14.475,0
2023-10-13,Matí,19.7625,0.0,0.0,8.0625,3
2023-10-13,Nit,18.05,0.0,0.0,4.775,3
2023-10-13,Tarda,24.2125,0.0,0.0,17.6,0
2023-10-14,Matí,21.575,0.0,0.0,6.0875,3
2023-10-14,Nit,18.9375,0.0,0.0,4.5625,3
2023-10-14,Tarda,24.1875,0.0,0.0,9.2875,3
2023-10-15,Matí,19.0875,1.5,1.5,5.225,53
2023-10-15,Nit,19.4875,1.0,1.0,4.55,53
2023-10-15,Tarda,20.75,1.4000000000000001,1.4000000000000001,11.5625,53
2023-10-16,Matí,18.575,12.5,12.5,9.5375,61
2023-10-16,Nit,18.8875,7.3,7.3,4.7,63
2023-10-16,Tarda,19.975,0.4,0.4,16.2375,51
2023-10-17,Matí,19.1625,0.0,0.0,5.8625,3
2023-10-17,Nit,18.275,0.0,0.0,3.5625,3
2023-10-17,Tarda,22.4125,0.4,0.4,10.475,51
2023-10-18,Matí,21.5125,0.1,0.1,6.6875,51
2023-10-18,Nit,19.3875,0.0,0.0,4.275,3
2023-10-18,Tarda,24.4875,0.6,0.6,17.1,51
2023-10-19,Matí,20.675,0.0,0.0,10.975,3
2023-10-19,Nit,19.7125,3.4000000000000004,3.4000000000000004,14.0625,61
2023-10-19,Tarda,23.15,0.4,0.4,26.1625,51
2023-10-20,Matí,17.75,2.2,2.2,18.0375,61
2023-10-20,Nit,18.2,9.200000000000001,9.200000000000001,17.9375,63
2023-10-20,Tarda,20.975,0.0,0.0,22.9875,3
2023-10-21,Matí,15.5625,0.0,0.0,9.0,3
2023-10-21,Nit,14.95,0.0,0.0,7.2625,3
2023-10-21,Tarda,18.9875,0.0,0.0,12.3375,3
2023-10-22,Matí,13.8375,0.0,0.0,6.1125,3
2023-10-22,Nit,12.6125,0.0,0.0,8.125,3
2023-10-22,Tarda,19.175,1.3,1.3,6.2875,61
2023-10-23,Matí,20.95,0.1,0.1,12.2375,51
2023-10-23,Nit,18.075,0.6000000000000001,0.6000000000000001,13.7625,51
2023-10-23,Tarda,22.6625,0.0,0.0,10.025,3
2023-10-24,Matí,17.7,0.2,0.2,14.125,51
2023-10-24,Nit,17.15,7.1,7.1,9.8375,63
2023-10-24,Tarda,20.1125,0.0,0.0,19.95,0
2023-10-25,Matí,17.8875,0.0,0.0,17.1875,3
2023-10-25,Nit,16.425,0.0,0.0,12.9375,3
2023-10-25,Tarda,21.5625,0.0,0.0,16.1,3
2023-10-26,Matí,20.7,0.0,0.0,11.3,3
2023-10-26,Nit,19.4125,0.0,0.0,15.1625,3
2023-10-26,Tarda,24.075,0.2,0.2,25.45,51
2023-10-27,Matí,17.8125,0.0,0.0,19.0875,3
2023-10-27,Nit,18.4,0.0,0.0,18.6625,3
2023-10-27,Tarda,20.9875,0.0,0.0,20.3875,2
2023-10-28,Matí,16.8875,0.0,0.0,11.65,1
2023-10-28,Nit,15.425,0.0,0.0,7.0625,3
2023-10-28,Tarda,21.3125,0.0,0.0,17.15,3
2023-10-29,Matí,17.8625,0.0,0.0,10.3125,2
2023-10-29,Nit,14.7,0.0,0.0,4.825,3
2023-10-29,Tarda,20.0,0.0,0.0,17.4375,3
2023-10-30,Matí,16.1625,0.0,0.0,4.7125,3
2023-10-30,Nit,14.4125,0.0,0.0,5.9875,3
2023-10-30,Tarda,20.1625,0.7,0.7,19.162499999999998,53
2023-10-31,Matí,14.787500000000001,0.0,0.0,12.65,3
2023-10-31,Nit,13.975,0.0,0.0,8.174999999999999,3
2023-10-31,Tarda,19.025000000000002,0.0,0.0,5.7375,3
2023-11-01,Matí,14.45,0.0,0.0,11.875,3
2023-11-01,Nit,12.3,0.0,0.0,5.025,3
2023-11-01,Tarda,20.1125,0.0,0.0,16.6625,3
2023-11-02,Matí,19.9,1.4,1.4,27.8,61
2023-11-02,Nit,16.625,0.0,0.0,17.4,3
2023-11-02,Tarda,18.0375,4.1,4.1,20.85,61
2023-11-03,Matí,13.7125,0.0,0.0,28.0125,1
2023-11-03,Nit,12.775,0.0,0.0,21.525,3
2023-11-03,Tarda,16.8125,0.0,0.0,28.1875,3
2023-11-04,Matí,15.1375,0.6,0.6,12.475,53
2023-11-04,Nit,14.025,0.2,0.2,17.6875,51
2023-11-04,Tarda,19.575,0.0,0.0,26.65,3
2023-11-05,Matí,16.2375,0.0,0.0,21.6625,0
2023-11-05,Nit,16.5375,0.0,0.0,22.4375,1
2023-11-05,Tarda,18.8875,0.0,0.0,24.95,1
2023-11-06,Matí,13.5875,0.0,0.0,11.5375,0
2023-11-06,Nit,12.5,0.0,0.0,8.1,2
2023-11-06,Tarda,17.7,0.1,0.1,11.2375,51
2023-11-07,Matí,9.475,0.0,0.0,6.7875000000000005,3
2023-11-07,Nit,10.6625,0.0,0.0,6.4,1
2023-11-07,Tarda,16.125,0.0,0.0,12.6625,1
2023-11-08,Matí,9.875,0.0,0.0,8.4375,3
2023-11-08,Nit,9.8,0.0,0.0,7.2124999999999995,3
2023-11-08,Tarda,15.575,0.0,0.0,15.450000000000001,0
2023-11-09,Matí,11.8125,1.0,1.0,5.5875,55
2023-11-09,Nit,11.0125,0.0,0.0,6.2749999999999995,3
2023-11-09,Tarda,14.95,0.0,0.0,6.8500000000000005,3
2023-11-10,Matí,15.3125,0.0,0.0,12.025,3
2023-11-10,Nit,12.425,0.0,0.0,6.6625,3
2023-11-10,Tarda,19.0,0.0,0.0,25.025,0
2023-11-11,Matí,14.2375,0.0,0.0,5.4125,3
2023-11-11,Nit,12.15,0.0,0.0,3.5,3
2023-11-11,Tarda,15.662500000000001,0.0,0.0,7.9875,3
2023-11-12,Matí,16.9625,0.0,0.0,8.65,3
2023-11-12,Nit,14.075,0.0,0.0,5.95,3
2023-11-12,Tarda,19.2,0.0,0.0,7.3,3
2023-11-13,Matí,17.1375,0.0,0.0,11.3375,3
2023-11-13,Nit,14.5,0.0,0.0,4.825,3
2023-11-13,Tarda,23.425,0.0,0.0,12.225,3
2023-11-14,Matí,18.025,0.0,0.0,11.875,3
2023-11-14,Nit,16.65,0.0,0.0,8.4625,2
2023-11-14,Tarda,24.1375,0.0,0.0,15.35,2
2023-11-15,Matí,15.7375,0.0,0.0,8.2125,3
2023-11-15,Nit,16.025,0.0,0.0,7.8375,3
2023-11-15,Tarda,17.2125,0.1,0.1,9.475,51
2023-11-16,Matí,16.05,0.0,0.0,9.25,3
2023-11-16,Nit,15.575,0.0,0.0,5.35,3
2023-11-16,Tarda,21.3375,0.0,0.0,9.975,3
2023-11-17,Matí,16.175,1.5,1.5,9.337499999999999,51
2023-11-17,Nit,15.65,0.0,0.0,5.7625,3
2023-11-17,Tarda,15.7875,0.8,0.8,10.05,51
2023-11-18,Matí,15.4125,0.0,0.0,4.725,3
2023-11-18,Nit,12.75,0.0,0.0,4.625,3
2023-11-18,Tarda,17.4875,0.0,0.0,10.7375,2
2023-11-19,Matí,11.675,0.0,0.0,6.0125,0
2023-11-19,Nit,10.925,0.0,0.0,5.5125,3
2023-11-19,Tarda,16.275,0.0,0.0,6.0,3
2023-11-20,Matí,12.2125,0.0,0.0,4.5125,1
2023-11-20,Nit,11.6,0.0,0.0,4.775,1
2023-11-20,Tarda,16.55,0.0,0.0,5.7,3
2023-11-21,Matí,12.9875,0.1,0.1,9.975,51
2023-11-21,Nit,12.4875,0.39999999999999997,0.39999999999999997,3.725,51
2023-11-21,Tarda,15.8625,0.0,0.0,7.512499999999999,1
2023-11-22,Matí,11.975,0.0,0.0,10.212499999999999,2
2023-11-22,Nit,10.1,0.0,0.0,6.75,1
2023-11-22,Tarda,16.175,0.0,0.0,14.425,1
2023-11-23,Matí,7.300000000000001,0.0,0.0,8.275,0
2023-11-23,Nit,6.7625,0.0,0.0,7.1,0
2023-11-23,Tarda,15.4625,0.0,0.0,8.0,0
2023-11-24,Matí,10.6,0.0,0.0,18.125,3
2023-11-24,Nit,9.1375,0.0,0.0,9.4,3
2023-11-24,Tarda,17.7125,0.0,0.0,12.2875,3
2023-11-25,Matí,9.8375,0.0,0.0,5.4375,3
2023-11-25,Nit,11.4625,0.0,0.0,7.3125,3
2023-11-25,Tarda,14.5125,0.0,0.0,10.950000000000001,3
2023-11-26,Matí,11.925,0.0,0.0,3.35,3
2023-11-26,Nit,11.25,0.0,0.0,6.2124999999999995,3
2023-11-26,Tarda,13.1125,0.0,0.0,7.8,3
2023-11-27,Matí,9.1,0.0,0.0,8.625,3
2023-11-27,Nit,8.525,0.0,0.0,7.5625,3
2023-11-27,Tarda,14.8625,0.0,0.0,11.0125,3
2023-11-28,Matí,11.65,0.0,0.0,12.475,3
2023-11-28,Nit,10.6375,0.0,0.0,8.475,3
2023-11-28,Tarda,14.75,0.0,0.0,6.0,3
2023-11-29,Matí,13.2125,1.0,1.0,8.0375,51
2023-11-29,Nit,11.9875,0.0,0.0,4.85,3
2023-11-29,Tarda,13.8,0.0,0.0,3.8875,3
2023-11-30,Matí,12.9625,0.0,0.0,6.7625,3
2023-11-30,Nit,11.75,0.0,0.0,9.175,3
2023-11-30,Tarda,19.6375,0.6000000000000001,0.6000000000000001,20.3125,51
2023-12-01,Matí,14.6375,2.9000000000000004,2.9000000000000004,3.5375,55
2023-12-01,Nit,15.7625,0.0,0.0,15.9375,3
2023-12-01,Tarda,14.95,1.2,1.2,16.3375,53
2023-12-02,Matí,8.35,0.0,0.0,8.025,0
2023-12-02,Nit,9.8,0.0,0.0,9.6,1
2023-12-02,Tarda,13.4,0.1,0.1,6.3125,51
2023-12-03,Matí,7.625,0.1,0.1,7.2875,51
2023-12-03,Nit,7.987500000000001,0.1,0.1,5.3625,51
2023-12-03,Tarda,11.55,0.0,0.0,8.625,3
2023-12-04,Matí,9.3375,0.5,0.5,7.2875,51
2023-12-04,Nit,7.4375,0.0,0.0,6.075,3
2023-12-04,Tarda,14.0625,0.0,0.0,15.5625,0
2023-12-05,Matí,8.4375,0.0,0.0,8.2125,3
2023-12-05,Nit,7.7,0.0,0.0,7.75,3
2023-12-05,Tarda,12.125,0.1,0.1,7.7625,51
2023-12-06,Matí,8.7375,0.0,0.0,4.925,3
2023-12-06,Nit,6.8,0.0,0.0,5.6375,3
2023-12-06,Tarda,12.375,0.0,0.0,10.475,3
2023-12-07,Matí,5.925,0.0,0.0,8.174999999999999,3
2023-12-07,Nit,6.325,0.0,0.0,6.9875,3
2023-12-07,Tarda,14.5,0.0,0.0,13.2875,3
2023-12-08,Matí,10.6125,0.30000000000000004,0.30000000000000004,5.1875,51
2023-12-08,Nit,11.1,1.5,1.5,7.25,53
2023-12-08,Tarda,14.325,0.0,0.0,5.8125,1
2023-12-09,Matí,8.425,0.0,0.0,10.6875,3
2023-12-09,Nit,8.175,0.0,0.0,7.65,3
2023-12-09,Tarda,15.1375,0.0,0.0,11.1375,3
2023-12-10,Matí,9.3,0.0,0.0,6.5249999999999995,3
2023-12-10,Nit,11.2,0.0,0.0,8.6875,3
2023-12-10,Tarda,16.6125,0.0,0.0,8.4875,3
2023-12-11,Matí,13.675,0.0,0.0,16.5875,3
2023-12-11,Nit,11.7,0.0,0.0,7.6625,3
2023-12-11,Tarda,16.825,0.0,0.0,12.525,3
2023-12-12,Matí,15.3125,0.0,0.0,14.3625,3
2023-12-12,Nit,11.35,0.0,0.0,8.8125,3
2023-12-12,Tarda,17.8125,0.0,0.0,10.3125,3
2023-12-13,Matí,15.0125,0.1,0.1,11.837499999999999,51
2023-12-13,Nit,12.325,0.0,0.0,10.9625,3
2023-12-13,Tarda,15.3125,0.0,0.0,25.4875,3
2023-12-14,Matí,9.9875,0.0,0.0,10.4,1
2023-12-14,Nit,10.3125,0.0,0.0,18.4625,2
2023-12-14,Tarda,14.9375,0.0,0.0,16.8125,1
2023-12-15,Matí,9.5125,0.0,0.0,8.475,1
2023-12-15,Nit,7.1125,0.0,0.0,6.3375,0
2023-12-15,Tarda,15.175,0.0,0.0,7.875,1
2023-12-16,Matí,6.8,0.0,0.0,7.2625,0
2023-12-16,Nit,7.1,0.0,0.0,5.475,0
2023-12-16,Tarda,12.9375,0.0,0.0,6.9625,1
2023-12-17,Matí,5.7875,0.0,0.0,6.4875,0
2023-12-17,Nit,5.825,0.0,0.0,5.7375,0
2023-12-17,Tarda,12.675,0.0,0.0,4.8125,0
2023-12-18,Matí,5.55,0.0,0.0,6.2,0
2023-12-18,Nit,4.775,0.0,0.0,7.05,0
2023-12-18,Tarda,13.125,0.0,0.0,5.8625,0
2023-12-19,Matí,6.4875,0.0,0.0,8.975,0
2023-12-19,Nit,5.375,0.0,0.0,7.5625,0
2023-12-19,Tarda,14.625,0.0,0.0,5.8125,0
2023-12-20,Matí,6.1125,0.0,0.0,9.475,3
2023-12-20,Nit,5.7,0.0,0.0,8.5125,1
2023-12-20,Tarda,12.55,0.0,0.0,7.6875,3
2023-12-21,Matí,5.9375,0.0,0.0,6.6125,3
2023-12-21,Nit,6.9125,0.0,0.0,7.55,2
2023-12-21,Tarda,16.0,0.0,0.0,10.5125,3
2023-12-22,Matí,9.5125,0.0,0.0,10.1,3
2023-12-22,Nit,9.2,0.0,0.0,7.1625,3
2023-12-22,Tarda,17.4375,0.0,0.0,7.1875,1
2023-12-23,Matí,7.6125,0.0,0.0,8.8625,0
2023-12-23,Nit,7.7125,0.0,0.0,6.2375,0
2023-12-23,Tarda,14.4375,0.0,0.0,9.0375,0
2023-12-24,Matí,6.2,0.0,0.0,9.3375,1
2023-12-24,Nit,5.725,0.0,0.0,5.2625,0
2023-12-24,Tarda,13.8625,0.0,0.0,9.5375,0
2023-12-25,Matí,6.6,0.0,0.0,6.387499999999999,0
2023-12-25,Nit,5.275,0.0,0.0,6.1375,0
2023-12-25,Tarda,13.675,0.0,0.0,6.0625,0
2023-12-26,Matí,6.7875,0.0,0.0,7.85,0
2023-12-26,Nit,5.3625,0.0,0.0,6.1125,0
2023-12-26,Tarda,14.725,0.0,0.0,5.4125,3
2023-12-27,Matí,5.675,0.0,0.0,6.45,0
2023-12-27,Nit,5.0125,0.0,0.0,6.625,0
2023-12-27,Tarda,14.025,0.0,0.0,8.05,0
2023-12-28,Matí,3.9749999999999996,0.0,0.0,6.1625,3
2023-12-28,Nit,4.2875,0.0,0.0,5.7125,3
2023-12-28,Tarda,12.4625,0.0,0.0,8.2875,3
2023-12-29,Matí,6.8,0.0,0.0,6.2125,3
2023-12-29,Nit,5.9125,0.0,0.0,6.3375,3
2023-12-29,Tarda,11.7875,0.0,0.0,4.85,3
2023-12-30,Matí,6.625,0.0,0.0,5.5875,0
2023-12-30,Nit,6.2625,0.0,0.0,5.2250000000000005,3
2023-12-30,Tarda,13.0375,0.0,0.0,7.75,0
2023-12-31,Matí,8.5875,0.0,0.0,9.8,3
2023-12-31,Nit,5.825,0.0,0.0,6.125,3
2023-12-31,Tarda,14.7875,0.0,0.0,12.5625,3
2024-01-01,Matí,7.9125,0.0,0.0,5.85,3
2024-01-01,Nit,6.6375,0.0,0.0,4.7375,3
2024-01-01,Tarda,12.225,0.0,0.0,7.2875,2
2024-01-02,Matí,7.6875,0.0,0.0,9.6375,3
2024-01-02,Nit,6.1375,0.0,0.0,7.6875,3
2024-01-02,Tarda,14.5,0.0,0.0,14.6,3
2024-01-03,Matí,13.4375,0.0,0.0,10.2125,3
2024-01-03,Nit,13.125,0.0,0.0,10.8625,3
2024-01-03,Tarda,17.9375,0.0,0.0,12.775,3
2024-01-04,Matí,9.6,0.0,0.0,6.3125,3
2024-01-04,Nit,10.8625,0.0,0.0,5.0125,3
2024-01-04,Tarda,14.6875,0.2,0.2,8.375,51
2024-01-05,Matí,11.1875,0.0,0.0,3.7125,3
2024-01-05,Nit,9.8375,4.7,4.7,7.225,63
2024-01-05,Tarda,12.0125,14.6,14.6,6.325,63
2024-01-06,Matí,8.85,0.0,0.0,16.0625,3
2024-01-06,Nit,8.6375,1.7000000000000002,1.7000000000000002,10.4375,55
2024-01-06,Tarda,12.85,0.0,0.0,23.225,1
2024-01-07,Matí,7.7125,0.0,0.0,16.2625,0
2024-01-07,Nit,6.7,0.0,0.0,16.975,0
2024-01-07,Tarda,11.0625,0.0,0.0,21.7875,1
2024-01-08,Matí,3.8125,0.0,0.0,9.6875,0
2024-01-08,Nit,5.1,0.0,0.0,13.9,0
2024-01-08,Tarda,8.9,0.0,0.0,6.725,0
2024-01-09,Matí,2.7125,0.0,0.0,6.6875,1
2024-01-09,Nit,2.4,0.0,0.0,6.5874999999999995,3
2024-01-09,Tarda,8.825,0.0,0.0,7.9875,3
2024-01-10,Matí,7.5,0.8,0.8,5.0625,51
2024-01-10,Nit,6.65,0.0,0.0,5.925,3
2024-01-10,Tarda,9.475,5.9,5.9,4.2875,61
2024-01-11,Matí,5.775,0.0,0.0,5.85,3
2024-01-11,Nit,4.4625,0.0,0.0,6.15,3
2024-01-11,Tarda,9.775,0.0,0.0,4.5625,3
2024-01-12,Matí,5.9,0.0,0.0,11.7125,3
2024-01-12,Nit,5.6125,0.0,0.0,8.2875,3
2024-01-12,Tarda,10.8875,0.0,0.0,10.1375,3
2024-01-13,Matí,4.8,0.0,0.0,6.75,3
2024-01-13,Nit,4.2875,0.0,0.0,7.525,3
2024-01-13,Tarda,10.9125,0.0,0.0,8.15,3
2024-01-14,Matí,8.55,0.0,0.0,7.0875,3
2024-01-14,Nit,6.3625,0.0,0.0,7.0875,3
2024-01-14,Tarda,14.425,0.0,0.0,8.0375,3
2024-01-15,Matí,8.65,0.0,0.0,10.7,3
2024-01-15,Nit,9.0375,0.0,0.0,7.6375,3
2024-01-15,Tarda,15.3375,0.0,0.0,8.7,3
2024-01-16,Matí,10.725,0.0,0.0,9.7375,3
2024-01-16,Nit,8.275,0.0,0.0,4.45,3
2024-01-16,Tarda,15.0,0.0,0.0,5.9875,3
2024-01-17,Matí,12.15,0.2,0.2,10.2375,51
2024-01-17,Nit,10.775,0.8,0.8,6.9625,53
2024-01-17,Tarda,16.25,0.5,0.5,22.25,51
2024-01-18,Matí,14.8625,0.0,0.0,18.6,2
2024-01-18,Nit,14.225,0.0,0.0,14.875,3
2024-01-18,Tarda,17.825,0.0,0.0,19.2125,2
2024-01-19,Matí,10.3875,7.0,7.0,10.8125,61
2024-01-19,Nit,11.6625,0.5,0.5,7.525,53
2024-01-19,Tarda,8.45,2.6,2.6,9.8625,53
2024-01-20,Matí,6.8375,0.0,0.0,7.4875,3
2024-01-20,Nit,6.6875,0.1,0.1,4.4375,51
2024-01-20,Tarda,10.950000000000001,0.0,0.0,8.65,3
2024-01-21,Matí,4.7625,0.0,0.0,4.8625,2
2024-01-21,Nit,4.6625,0.0,0.0,4.9125,1
2024-01-21,Tarda,11.575,0.0,0.0,6.2875,0
2024-01-22,Matí,4.8,0.0,0.0,7.3,3
2024-01-22,Nit,4.025,0.0,0.0,7.7749999999999995,3
2024-01-22,Tarda,12.975,0.0,0.0,9.975,3
2024-01-23,Matí,7.3875,0.0,0.0,6.8375,2
2024-01-23,Nit,5.8,0.0,0.0,5.7875,3
2024-01-23,Tarda,13.6,0.0,0.0,6.4625,3
2024-01-24,Matí,8.925,0.0,0.0,5.775,3
2024-01-24,Nit,7.449999999999999,0.0,0.0,6.0,3
2024-01-24,Tarda,14.712499999999999,0.0,0.0,6.3375,0
2024-01-25,Matí,9.375,0.0,0.0,7.125,0
2024-01-25,Nit,8.1375,0.0,0.0,5.8125,3
2024-01-25,Tarda,16.3875,0.0,0.0,5.6000000000000005,3
2024-01-26,Matí,10.9,0.0,0.0,6.925000000000001,3
2024-01-26,Nit,9.7625,0.0,0.0,6.0125,3
2024-01-26,Tarda,16.3875,0.0,0.0,6.0,3
2024-01-27,Matí,9.6125,0.0,0.0,6.65,2
2024-01-27,Nit,9.925,0.0,0.0,5.55,3
2024-01-27,Tarda,13.95,0.0,0.0,6.8,3
2024-01-28,Matí,9.275,0.0,0.0,4.625,3
2024-01-28,Nit,8.55,0.0,0.0,3.9625,3
2024-01-28,Tarda,12.525,0.0,0.0,6.55,3
2024-01-29,Matí,11.4125,0.0,0.0,4.95,3
2024-01-29,Nit,8.9375,0.0,0.0,5.7875,3
2024-01-29,Tarda,13.575,0.2,0.2,7.175,51
2024-01-30,Matí,10.625,0.0,0.0,4.75,3
2024-01-30,Nit,9.9625,0.0,0.0,4.7625,3
2024-01-30,Tarda,13.5,0.1,0.1,6.45,51
2024-01-31,Matí,6.9375,0.0,0.0,6.175,3
2024-01-31,Nit,8.025,0.0,0.0,4.575,2
2024-01-31,Tarda,13.0625,0.0,0.0,10.85,2
2024-02-01,Matí,8.0,0.0,0.0,7.975,3
2024-02-01,Nit,6.7625,0.0,0.0,5.925,3
2024-02-01,Tarda,15.1625,0.0,0.0,8.2625,3
2024-02-02,Matí,8.2375,0.0,0.0,7.5,2
2024-02-02,Nit,8.1875,0.0,0.0,5.6375,3
2024-02-02,Tarda,15.025,0.0,0.0,7.3374999999999995,0
2024-02-03,Matí,8.7,0.0,0.0,8.2625,3
2024-02-03,Nit,7.825,0.0,0.0,6.2625,0
2024-02-03,Tarda,16.575,0.0,0.0,11.1375,3
2024-02-04,Matí,9.1875,0.0,0.0,7.825,0
2024-02-04,Nit,8.4,0.0,0.0,6.2125,3
2024-02-04,Tarda,16.8875,0.0,0.0,6.95,1
2024-02-05,Matí,9.1,0.0,0.0,6.775,0
2024-02-05,Nit,8.2125,0.0,0.0,6.3,3
2024-02-05,Tarda,16.1375,0.0,0.0,9.6375,3
2024-02-06,Matí,10.15,0.0,0.0,8.2875,3
2024-02-06,Nit,8.55,0.0,0.0,5.05,3
2024-02-06,Tarda,13.7625,0.1,0.1,10.75,51
2024-02-07,Matí,8.4375,0.0,0.0,8.075,3
2024-02-07,Nit,10.3,0.0,0.0,6.05,3
2024-02-07,Tarda,16.925,0.0,0.0,12.9875,3
2024-02-08,Matí,11.3875,0.0,0.0,10.9625,3
2024-02-08,Nit,11.4625,0.0,0.0,8.3625,3
2024-02-08,Tarda,16.3625,0.0,0.0,17.025,3
2024-02-09,Matí,13.075,2.4,2.4,15.625,53
2024-02-09,Nit,12.7125,0.2,0.2,9.55,51
2024-02-09,Tarda,14.5375,0.2,0.2,18.05,51
2024-02-10,Matí,12.375,0.9,0.9,15.4375,53
2024-02-10,Nit,11.6875,4.4,4.4,8.1625,61
2024-02-10,Tarda,13.775,0.39999999999999997,0.39999999999999997,9.7,51
2024-02-11,Matí,9.9625,0.0,0.0,16.3875,1
2024-02-11,Nit,9.0375,0.0,0.0,16.275,3
2024-02-11,Tarda,14.35,0.0,0.0,22.025,0
2024-02-12,Matí,9.475,0.0,0.0,11.8,0
2024-02-12,Nit,8.5875,0.5,0.5,5.6125,53
2024-02-12,Tarda,17.2,0.0,0.0,18.3125,1
2024-02-13,Matí,9.8125,0.1,0.1,7.699999999999999,51
2024-02-13,Nit,9.125,0.0,0.0,3.8625,3
2024-02-13,Tarda,13.8125,0.0,0.0,12.5875,1
2024-02-14,Matí,9.5125,0.0,0.0,6.725,3
2024-02-14,Nit,8.5625,0.0,0.0,4.1125,3
2024-02-14,Tarda,16.2875,0.0,0.0,9.2,3
2024-02-15,Matí,12.087499999999999,0.0,0.0,4.2625,3
2024-02-15,Nit,11.05,0.0,0.0,5.2875,3
2024-02-15,Tarda,14.8,0.0,0.0,7.425,3
2024-02-16,Matí,13.5,0.0,0.0,8.3125,3
2024-02-16,Nit,11.275,0.2,0.2,5.6625,51
2024-02-16,Tarda,14.625,0.6,0.6,5.625,51
2024-02-17,Matí,13.0125,0.8,0.8,11.325,53
2024-02-17,Nit,12.1125,0.30000000000000004,0.30000000000000004,6.487500000000001,51
2024-02-17,Tarda,16.725,0.0,0.0,8.825,0
2024-02-18,Matí,10.4,0.0,0.0,5.6125,3
2024-02-18,Nit,9.2625,0.0,0.0,4.8375,3
2024-02-18,Tarda,15.925,0.0,0.0,10.525,3
2024-02-19,Matí,12.55,0.0,0.0,5.6875,3
2024-02-19,Nit,11.025,0.0,0.0,3.8875,3
2024-02-19,Tarda,15.4125,0.0,0.0,8.575,3
2024-02-20,Matí,10.375,0.0,0.0,7.9,3
2024-02-20,Nit,9.8125,0.0,0.0,4.575,3
2024-02-20,Tarda,15.5875,0.0,0.0,11.35,3
2024-02-21,Matí,9.9375,0.0,0.0,6.65,3
2024-02-21,Nit,8.8375,0.0,0.0,4.7375,3
2024-02-21,Tarda,14.825,0.0,0.0,18.2625,3
2024-02-22,Matí,12.1875,0.0,0.0,9.2625,3
2024-02-22,Nit,11.2125,0.0,0.0,6.4125,3
2024-02-22,Tarda,17.4125,0.0,0.0,17.2625,3
2024-02-23,Matí,10.3625,3.1,3.1,17.224999999999998,55
2024-02-23,Nit,11.1125,3.4000000000000004,3.4000000000000004,9.05,61
2024-02-23,Tarda,13.9625,0.0,0.0,21.225,0
2024-02-24,Matí,8.075,0.0,0.0,8.2125,3
2024-02-24,Nit,7.775,0.0,0.0,7.375,3
2024-02-24,Tarda,11.8,0.4,0.4,11.975,51
2024-02-25,Matí,9.2625,0.0,0.0,9.075,3
2024-02-25,Nit,7.5,0.0,0.0,5.85,3
2024-02-25,Tarda,13.475,0.0,0.0,18.075,3
2024-02-26,Matí,11.225,0.0,0.0,7.237500000000001,3
2024-02-26,Nit,12.6625,0.0,0.0,11.0125,3
2024-02-26,Tarda,14.1625,0.0,0.0,12.7375,3
2024-02-27,Matí,8.9125,0.0,0.0,7.1875,3
2024-02-27,Nit,9.4125,0.30000000000000004,0.30000000000000004,7.8375,51
2024-02-27,Tarda,14.1875,1.2,1.2,11.2125,55
2024-02-28,Matí,10.9,0.0,0.0,15.5875,3
2024-02-28,Nit,10.5625,0.0,0.0,7.5875,3
2024-02-28,Tarda,14.2125,0.0,0.0,10.725,0
2024-02-29,Matí,8.4375,0.0,0.0,6.8375,0
2024-02-29,Nit,8.125,0.0,0.0,5.45,3
2024-02-29,Tarda,15.4,0.0,0.0,13.1125,3
2024-03-01,Matí,11.2625,0.0,0.0,14.9375,3
2024-03-01,Nit,10.65,3.7,3.7,8.0,61
2024-03-01,Tarda,16.5125,0.0,0.0,11.7375,0
2024-03-02,Matí,10.725,0.0,0.0,7.6,3
2024-03-02,Nit,10.4875,0.1,0.1,12.6375,51
2024-03-02,Tarda,15.0625,0.0,0.0,22.2,3
2024-03-03,Matí,8.1,10.899999999999999,9.7,19.15,75
2024-03-03,Nit,10.9,6.0,6.0,16.9875,61
2024-03-03,Tarda,13.3875,0.0,0.0,26.4,3
2024-03-04,Matí,8.5125,0.0,0.0,10.95,1
2024-03-04,Nit,9.125,0.0,0.0,17.475,3
2024-03-04,Tarda,15.0875,0.0,0.0,10.0,3
2024-03-05,Matí,9.924999999999999,0.1,0.1,4.5875,51
2024-03-05,Nit,8.862499999999999,0.0,0.0,5.575,1
2024-03-05,Tarda,14.35,0.1,0.1,8.2375,51
2024-03-06,Matí,9.4875,0.1,0.1,6.275,51
2024-03-06,Nit,8.625,0.0,0.0,6.2125,1
2024-03-06,Tarda,13.1625,0.0,0.0,11.1875,3
2024-03-07,Matí,8.3625,0.0,0.0,5.1375,3
2024-03-07,Nit,8.575,0.0,0.0,5.6375,3
2024-03-07,Tarda,13.525,0.1,0.1,11.275,51
2024-03-08,Matí,13.0,3.1,3.1,15.3375,61
2024-03-08,Nit,10.6375,1.1,1.1,6.1625,53
2024-03-08,Tarda,14.1875,1.1,1.1,17.35,53
2024-03-09,Matí,12.1875,8.7,8.7,17.3125,61
2024-03-09,Nit,10.375,0.2,0.2,8.9375,51
2024-03-09,Tarda,12.475,12.5,12.5,21.45,63
2024-03-10,Matí,9.3,0.0,0.0,11.5,1
2024-03-10,Nit,8.775,0.2,0.2,10.8625,51
2024-03-10,Tarda,14.0375,0.0,0.0,19.1125,3
2024-03-11,Matí,10.2625,0.0,0.0,15.5625,3
2024-03-11,Nit,8.65,0.0,0.0,9.0875,2
2024-03-11,Tarda,16.1,0.1,0.1,11.3875,51
2024-03-12,Matí,8.7,0.0,0.0,6.7,2
2024-03-12,Nit,7.9,0.0,0.0,4.9875,3
2024-03-12,Tarda,13.2625,0.0,0.0,7.95,2
2024-03-13,Matí,9.8375,0.0,0.0,6.025,0
2024-03-13,Nit,7.887499999999999,0.0,0.0,5.1000000000000005,3
2024-03-13,Tarda,15.35,0.0,0.0,15.3625,0
2024-03-14,Matí,9.9125,0.0,0.0,7.475,1
2024-03-14,Nit,8.0875,0.0,0.0,4.95,2
2024-03-14,Tarda,15.1125,0.0,0.0,16.8875,3
2024-03-15,Matí,11.9875,0.2,0.2,5.3875,51
2024-03-15,Nit,10.375,0.0,0.0,3.6625,3
2024-03-15,Tarda,14.575,0.0,0.0,7.5375,3
2024-03-16,Matí,14.0125,0.0,0.0,5.1,3
2024-03-16,Nit,11.8625,0.0,0.0,3.7125,3
2024-03-16,Tarda,16.3,0.0,0.0,11.45,2
2024-03-17,Matí,13.625,0.0,0.0,6.2875,3
2024-03-17,Nit,10.9625,0.0,0.0,4.6,3
2024-03-17,Tarda,16.575,0.0,0.0,11.1125,3
2024-03-18,Matí,12.7125,0.0,0.0,6.525,3
2024-03-18,Nit,12.5,0.0,0.0,3.0125,3
2024-03-18,Tarda,16.8375,0.0,0.0,7.5,3
2024-03-19,Matí,14.212499999999999,0.0,0.0,5.0625,3
2024-03-19,Nit,12.5125,0.0,0.0,3.2375000000000003,3
2024-03-19,Tarda,17.0,0.0,0.0,9.3625,1
2024-03-20,Matí,13.9125,0.0,0.0,9.3875,3
2024-03-20,Nit,12.225,0.0,0.0,5.3625,3
2024-03-20,Tarda,16.4875,0.0,0.0,12.987499999999999,3
2024-03-21,Matí,13.9875,0.0,0.0,8.075,3
2024-03-21,Nit,12.675,0.0,0.0,5.6125,3
2024-03-21,Tarda,16.45,0.0,0.0,9.6875,3
2024-03-22,Matí,16.15,0.0,0.0,7.275,3
2024-03-22,Nit,13.0375,0.0,0.0,3.8875,3
2024-03-22,Tarda,19.375,0.0,0.0,10.5125,3
2024-03-23,Matí,14.2375,0.0,0.0,7.4,3
2024-03-23,Nit,12.9125,0.0,0.0,5.2875,3
2024-03-23,Tarda,17.25,0.0,0.0,17.4,2
2024-03-24,Matí,13.9125,0.0,0.0,10.8625,3
2024-03-24,Nit,12.925,0.0,0.0,5.425,3
2024-03-24,Tarda,14.5125,0.0,0.0,12.8875,3
2024-03-25,Matí,12.75,1.7,1.7,6.0625,53
2024-03-25,Nit,12.65,0.4,0.4,4.9875,51
2024-03-25,Tarda,13.3625,2.6,2.6,12.4625,55
2024-03-26,Matí,14.15,6.3999999999999995,6.3999999999999995,10.4875,61
2024-03-26,Nit,12.075000000000001,2.4,2.4,8.8,53
2024-03-26,Tarda,16.087500000000002,0.1,0.1,15.1875,51
2024-03-27,Matí,9.425,0.0,0.0,10.875,3
2024-03-27,Nit,10.3,0.0,0.0,12.6875,3
2024-03-27,Tarda,14.5625,0.1,0.1,21.9875,51
2024-03-28,Matí,16.4875,0.0,0.0,21.1625,3
2024-03-28,Nit,15.7,0.0,0.0,25.4125,3
2024-03-28,Tarda,18.0375,0.0,0.0,19.975,3
2024-03-29,Matí,15.162500000000001,0.0,0.0,10.1875,3
2024-03-29,Nit,13.9375,0.0,0.0,7.75,3
2024-03-29,Tarda,17.1625,0.0,0.0,12.5125,3
2024-03-30,Matí,13.275,0.0,0.0,11.725,3
2024-03-30,Nit,13.0875,2.6,2.6,8.0625,61
2024-03-30,Tarda,15.1625,0.0,0.0,18.2875,3
2024-03-31,Matí,13.8,0.5,0.5,14.75,51
2024-03-31,Nit,13.025,4.2,4.2,23.8875,61
2024-03-31,Tarda,14.0,4.2,4.2,18.0375,61
2024-04-01,Matí,11.9125,0.0,0.0,13.8125,2
2024-04-01,Nit,11.0,0.0,0.0,9.5375,2
2024-04-01,Tarda,16.7,0.1,0.1,21.5875,51
2024-04-02,Matí,11.725,0.0,0.0,7.8125,3
2024-04-02,Nit,9.9875,0.0,0.0,7.175,3
2024-04-02,Tarda,15.2,0.0,0.0,15.2,3
2024-04-03,Matí,13.175,0.0,0.0,6.775,2
2024-04-03,Nit,10.9,0.0,0.0,5.8125,3
2024-04-03,Tarda,17.1625,0.0,0.0,8.6875,2
2024-04-04,Matí,13.537500000000001,0.0,0.0,8.1,3
2024-04-04,Nit,11.1375,0.0,0.0,3.1875,3
2024-04-04,Tarda,17.5125,0.0,0.0,13.174999999999999,3
2024-04-05,Matí,14.4125,0.0,0.0,6.95,3
2024-04-05,Nit,11.9625,0.0,0.0,4.725,3
2024-04-05,Tarda,17.5625,0.0,0.0,12.012500000000001,3
2024-04-06,Matí,15.05,0.0,0.0,8.15,3
2024-04-06,Nit,12.9125,0.0,0.0,5.5875,3
2024-04-06,Tarda,18.25,0.0,0.0,16.125,3
2024-04-07,Matí,16.9875,0.0,0.0,14.0875,3
2024-04-07,Nit,13.975,0.0,0.0,7.4625,3
2024-04-07,Tarda,18.2375,0.0,0.0,12.2,3
2024-04-08,Matí,16.6375,0.30000000000000004,0.30000000000000004,7.2375,51
2024-04-08,Nit,14.4375,0.0,0.0,6.9875,3
2024-04-08,Tarda,18.95,0.0,0.0,10.3625,3
2024-04-09,Matí,14.0125,0.1,0.1,11.4,51
2024-04-09,Nit,14.4375,2.4,2.4,6.15,61
2024-04-09,Tarda,13.8875,0.2,0.2,12.65,51
2024-04-10,Matí,10.7625,0.0,0.0,7.487500000000001,3
2024-04-10,Nit,9.2625,0.0,0.0,3.5375,0
2024-04-10,Tarda,15.3875,0.0,0.0,12.049999999999999,0
2024-04-11,Matí,12.6125,0.0,0.0,6.05,0
2024-04-11,Nit,10.4625,0.0,0.0,4.3875,0
2024-04-11,Tarda,18.1,0.0,0.0,12.05,1
2024-04-12,Matí,14.9625,0.0,0.0,6.862500000000001,0
2024-04-12,Nit,12.4375,0.0,0.0,5.5875,0
2024-04-12,Tarda,20.6375,0.0,0.0,11.6375,0
2024-04-13,Matí,17.3625,0.0,0.0,7.8125,0
2024-04-13,Nit,13.725,0.0,0.0,4.9375,2
2024-04-13,Tarda,21.1,0.0,0.0,8.5,1
2024-04-14,Matí,17.325,0.0,0.0,6.6125,0
2024-04-14,Nit,15.0875,0.0,0.0,5.3875,0
2024-04-14,Tarda,23.9625,0.0,0.0,15.775,0
2024-04-15,Matí,16.7,0.0,0.0,6.925,3
2024-04-15,Nit,13.975,0.0,0.0,4.925,3
2024-04-15,Tarda,19.3,0.0,0.0,12.025,3
2024-04-16,Matí,15.1125,2.4,2.4,6.85,53
2024-04-16,Nit,14.1125,0.3,0.3,5.6375,51
2024-04-16,Tarda,16.4375,0.2,0.2,18.8625,51
2024-04-17,Matí,13.7625,1.7999999999999998,1.7999999999999998,9.962499999999999,53
2024-04-17,Nit,13.925,0.4,0.4,7.925000000000001,51
2024-04-17,Tarda,15.4875,0.6,0.6,22.425,51
2024-04-18,Matí,13.1,1.2000000000000002,1.2000000000000002,10.5,51
2024-04-18,Nit,12.7375,0.4,0.4,9.8375,51
2024-04-18,Tarda,14.2125,3.1,3.1,17.7625,61
2024-04-19,Matí,10.8625,0.0,0.0,7.0375,1
2024-04-19,Nit,9.775,0.0,0.0,4.9,2
2024-04-19,Tarda,16.775,0.0,0.0,21.9875,0
2024-04-20,Matí,12.5125,0.0,0.0,8.6875,0
2024-04-20,Nit,10.775,0.0,0.0,6.3,0
2024-04-20,Tarda,16.475,0.0,0.0,12.15,0
2024-04-21,Matí,12.6375,0.0,0.0,7.6,3
2024-04-21,Nit,11.9125,0.0,0.0,4.6625,3
2024-04-21,Tarda,15.4375,0.0,0.0,15.375,3
2024-04-22,Matí,11.275,2.3,2.3,12.0,61
2024-04-22,Nit,11.8875,13.7,13.7,12.2625,65
2024-04-22,Tarda,13.25,1.4,1.4,13.675,53
2024-04-23,Matí,10.3875,0.2,0.2,5.3375,51
2024-04-23,Nit,9.225,7.7,7.7,7.575,63
2024-04-23,Tarda,12.3,0.1,0.1,11.3625,51
2024-04-24,Matí,8.975,0.0,0.0,7.8875,0
2024-04-24,Nit,7.8875,0.0,0.0,5.1625,3
2024-04-24,Tarda,14.325,0.0,0.0,16.4625,1
2024-04-25,Matí,12.925,0.6,0.6,20.15,51
2024-04-25,Nit,11.8875,0.0,0.0,8.5375,3
2024-04-25,Tarda,13.975,0.3,0.3,15.35,51
2024-04-26,Matí,12.3625,0.1,0.1,6.3625,51
2024-04-26,Nit,11.4375,0.1,0.1,4.3875,51
2024-04-26,Tarda,16.1875,0.1,0.1,14.4875,51
2024-04-27,Matí,15.725,0.4,0.4,12.825,51
2024-04-27,Nit,13.45,1.1,1.1,7.7375,53
2024-04-27,Tarda,17.0625,2.3,2.3,22.0875,61
2024-04-28,Matí,14.6,2.1,2.1,6.5,53
2024-04-28,Nit,14.1,4.8,4.8,5.0,63
2024-04-28,Tarda,15.525,0.8,0.8,11.3375,51
2024-04-29,Matí,13.7625,20.9,20.9,5.3375,63
2024-04-29,Nit,13.625,14.5,14.5,8.75,63
2024-04-29,Tarda,14.6125,51.5,51.5,21.375,65
2024-04-30,Matí,14.95,0.4,0.4,8.85,51
2024-04-30,Nit,14.0875,3.5,3.5,13.0,61
2024-04-30,Tarda,15.875,0.5,0.5,12.6,51
2024-05-01,Matí,14.3125,0.8999999999999999,0.8999999999999999,5.1625,53
2024-05-01,Nit,13.1,0.0,0.0,6.125,3
2024-05-01,Tarda,18.7375,1.4,1.4,15.025,55
2024-05-02,Matí,12.875,0.0,0.0,10.8,3
2024-05-02,Nit,11.2375,0.1,0.1,6.9,51
2024-05-02,Tarda,18.1625,0.2,0.2,14.425,51
2024-05-03,Matí,13.6,0.0,0.0,8.1125,1
2024-05-03,Nit,10.65,0.0,0.0,5.175000000000001,3
2024-05-03,Tarda,18.275,0.0,0.0,19.325,3
2024-05-04,Matí,14.987499999999999,0.0,0.0,8.325,3
2024-05-04,Nit,11.7375,0.0,0.0,4.6625,3
2024-05-04,Tarda,20.3,0.0,0.0,17.8125,3
2024-05-05,Matí,16.2125,0.0,0.0,5.7875,2
2024-05-05,Nit,13.325,0.0,0.0,4.8,3
2024-05-05,Tarda,18.0625,0.0,0.0,9.675,3
2024-05-06,Matí,16.6125,0.0,0.0,8.8375,3
2024-05-06,Nit,14.425,0.1,0.1,3.4875,51
2024-05-06,Tarda,16.7875,0.0,0.0,13.975,3
2024-05-07,Matí,16.1875,0.2,0.2,9.425,51
2024-05-07,Nit,14.0125,0.8,0.8,4.875,53
2024-05-07,Tarda,17.4125,0.0,0.0,11.525,2
2024-05-08,Matí,16.4,0.0,0.0,9.1625,1
2024-05-08,Nit,12.7875,0.0,0.0,4.6375,2
2024-05-08,Tarda,19.825,0.0,0.0,13.8125,1
2024-05-09,Matí,16.3625,0.0,0.0,6.875,0
2024-05-09,Nit,13.425,0.0,0.0,4.2,1
2024-05-09,Tarda,19.75,0.0,0.0,13.3125,0
2024-05-10,Matí,17.5,0.0,0.0,8.25,0
2024-05-10,Nit,14.0,0.0,0.0,4.1,0
2024-05-10,Tarda,22.3,0.0,0.0,14.025,0
2024-05-11,Matí,17.375,0.0,0.0,8.875,2
2024-05-11,Nit,14.375,0.0,0.0,4.1125,0
2024-05-11,Tarda,20.85,0.0,0.0,13.075,2
2024-05-12,Matí,18.0625,0.9,0.9,5.0625,53
2024-05-12,Nit,15.5375,0.0,0.0,2.6125,3
2024-05-12,Tarda,20.6625,0.0,0.0,11.9,3
2024-05-13,Matí,17.9625,0.0,0.0,6.4125,3
2024-05-13,Nit,16.1625,0.0,0.0,3.7125000000000004,3
2024-05-13,Tarda,20.2875,0.0,0.0,11.775,3
2024-05-14,Matí,17.8875,4.5,4.5,11.0,63
2024-05-14,Nit,16.475,0.0,0.0,4.9125,3
2024-05-14,Tarda,17.325,5.5,5.5,13.0625,63
2024-05-15,Matí,15.75,2.3,2.3,7.8125,55
2024-05-15,Nit,13.7375,0.2,0.2,3.675,51
2024-05-15,Tarda,17.15,6.6000000000000005,6.6000000000000005,10.125,63
2024-05-16,Matí,14.8625,2.4,2.4,6.2875000000000005,61
2024-05-16,Nit,13.3,0.0,0.0,3.9,3
2024-05-16,Tarda,17.0125,0.5,0.5,9.7875,51
2024-05-17,Matí,15.7125,1.7,1.7,7.725,61
2024-05-17,Nit,13.9375,0.0,0.0,4.075,3
2024-05-17,Tarda,18.4875,0.0,0.0,8.3875,2
2024-05-18,Matí,15.6375,2.1,2.1,8.125,61
2024-05-18,Nit,14.325,0.0,0.0,4.5625,3
2024-05-18,Tarda,18.175,0.0,0.0,13.775,1
2024-05-19,Matí,16.4125,0.0,0.0,9.6375,3
2024-05-19,Nit,14.5,0.0,0.0,3.0875,3
2024-05-19,Tarda,18.6,0.0,0.0,12.1,3
2024-05-20,Matí,17.5125,0.0,0.0,6.824999999999999,3
2024-05-20,Nit,15.425,0.0,0.0,3.8375,3
2024-05-20,Tarda,20.9,0.1,0.1,14.875,51
2024-05-21,Matí,16.475,0.30000000000000004,0.30000000000000004,6.4624999999999995,51
2024-05-21,Nit,15.0125,0.0,0.0,6.225,3
2024-05-21,Tarda,18.275,0.8,0.8,8.7375,53
2024-05-22,Matí,16.4,0.2,0.2,10.2125,51
2024-05-22,Nit,15.3625,5.6,5.6,5.6875,63
2024-05-22,Tarda,18.9,0.8,0.8,13.0375,51
2024-05-23,Matí,17.2375,0.0,0.0,10.1375,1
2024-05-23,Nit,14.5875,0.0,0.0,4.25,1
2024-05-23,Tarda,18.8,0.0,0.0,12.025,2
2024-05-24,Matí,17.3,0.8999999999999999,0.8999999999999999,7.425,53
2024-05-24,Nit,15.012500000000001,0.1,0.1,5.6625,51
2024-05-24,Tarda,18.875,0.0,0.0,13.4875,2
2024-05-25,Matí,17.0875,0.0,0.0,6.5,3
2024-05-25,Nit,14.7375,0.0,0.0,4.0375,2
2024-05-25,Tarda,20.2375,0.0,0.0,13.8625,3
2024-05-26,Matí,18.4,0.0,0.0,5.975,2
2024-05-26,Nit,15.3875,0.0,0.0,3.5625,3
2024-05-26,Tarda,21.2875,0.0,0.0,12.325,3
2024-05-27,Matí,19.4,0.0,0.0,10.0125,3
2024-05-27,Nit,17.4875,0.0,0.0,5.6875,3
2024-05-27,Tarda,21.0625,0.0,0.0,16.3,3
2024-05-28,Matí,19.1375,0.0,0.0,9.5375,2
2024-05-28,Nit,17.9375,0.0,0.0,4.2125,3
2024-05-28,Tarda,21.35,0.0,0.0,16.8625,3
2024-05-29,Matí,19.35,0.0,0.0,6.675,3
2024-05-29,Nit,17.1125,0.0,0.0,3.4625000000000004,3
2024-05-29,Tarda,22.6125,0.0,0.0,12.225,3
2024-05-30,Matí,20.65,0.0,0.0,7.7125,3
2024-05-30,Nit,18.1625,0.0,0.0,5.8625,3
2024-05-30,Tarda,22.175,0.0,0.0,15.3375,3
2024-05-31,Matí,20.075,0.2,0.2,16.575,51
2024-05-31,Nit,18.6125,0.0,0.0,6.125,3
2024-05-31,Tarda,21.474999999999998,0.0,0.0,20.2875,1
2024-06-01,Matí,18.7375,0.0,0.0,10.0375,3
2024-06-01,Nit,17.375,0.8,0.8,7.4875,51
2024-06-01,Tarda,19.975,1.9,1.9,12.637500000000001,55
2024-06-02,Matí,19.1875,0.1,0.1,9.9,51
2024-06-02,Nit,16.525,0.1,0.1,5.0625,51
2024-06-02,Tarda,21.7375,0.0,0.0,13.7875,2
2024-06-03,Matí,20.275,0.8,0.8,8.912500000000001,53
2024-06-03,Nit,17.7375,0.0,0.0,4.0625,0
2024-06-03,Tarda,23.5125,0.2,0.2,17.4625,51
2024-06-04,Matí,20.1875,0.0,0.0,8.225,2
2024-06-04,Nit,18.1625,0.5,0.5,5.4375,51
2024-06-04,Tarda,23.7375,0.0,0.0,17.925,3
2024-06-05,Matí,20.8125,0.0,0.0,10.075,1
2024-06-05,Nit,18.5625,0.0,0.0,3.2375,0
2024-06-05,Tarda,23.8625,0.0,0.0,18.3875,2
2024-06-06,Matí,22.725,0.0,0.0,8.8875,3
2024-06-06,Nit,19.475,0.0,0.0,3.8625,3
2024-06-06,Tarda,26.8875,0.0,0.0,17.3,3
2024-06-07,Matí,23.5875,0.0,0.0,8.0875,3
2024-06-07,Nit,20.425,0.0,0.0,5.25,3
2024-06-07,Tarda,25.3,0.0,0.0,14.0125,3
2024-06-08,Matí,24.3,0.0,0.0,23.275,3
2024-06-08,Nit,21.375,0.0,0.0,10.9625,3
2024-06-08,Tarda,24.837500000000002,0.0,0.0,26.8625,3
2024-06-09,Matí,20.5,6.4,6.4,6.9750000000000005,63
2024-06-09,Nit,20.55,0.0,0.0,7.9,3
2024-06-09,Tarda,22.775,0.7,0.7,15.2375,51
2024-06-10,Matí,19.925,2.1,2.1,15.625,55
2024-06-10,Nit,19.6375,1.1,1.1,7.125,55
2024-06-10,Tarda,20.7875,0.1,0.1,9.2375,51
2024-06-11,Matí,19.1375,2.9000000000000004,2.9000000000000004,9.0625,55
2024-06-11,Nit,17.675,2.0,2.0,4.6375,53
2024-06-11,Tarda,18.5625,16.5,16.5,9.325,63
2024-06-12,Matí,18.6,0.2,0.2,7.5875,51
2024-06-12,Nit,16.7375,8.3,8.3,5.2875,63
2024-06-12,Tarda,19.4625,3.0,3.0,12.425,61
2024-06-13,Matí,17.4125,0.0,0.0,8.2625,1
2024-06-13,Nit,15.675,0.4,0.4,6.2875,51
2024-06-13,Tarda,21.4125,0.0,0.0,21.7125,2
2024-06-14,Matí,20.725,0.2,0.2,9.775,51
2024-06-14,Nit,17.45,0.0,0.0,4.725,3
2024-06-14,Tarda,23.8,0.0,0.0,17.35,2
2024-06-15,Matí,20.15,0.0,0.0,10.7375,2
2024-06-15,Nit,18.6125,0.0,0.0,3.85,1
2024-06-15,Tarda,21.3625,0.0,0.0,17.325,2
2024-06-16,Matí,18.9625,0.0,0.0,6.35,3
2024-06-16,Nit,17.3,0.0,0.0,3.9375,3
2024-06-16,Tarda,21.775,0.0,0.0,12.975,1
2024-06-17,Matí,21.075,0.0,0.0,7.7625,0
2024-06-17,Nit,18.2875,0.0,0.0,3.4375,1
2024-06-17,Tarda,23.6,0.0,0.0,14.55,0
2024-06-18,Matí,22.7125,0.0,0.0,11.575,1
2024-06-18,Nit,19.5,0.0,0.0,4.6,0
2024-06-18,Tarda,24.4125,0.0,0.0,15.3625,1
2024-06-19,Matí,22.125,0.0,0.0,6.025,1
2024-06-19,Nit,19.837500000000002,0.4,0.4,6.7,51
2024-06-19,Tarda,23.975,0.1,0.1,15.0125,51
2024-06-20,Matí,21.3,3.7,3.7,6.725,61
2024-06-20,Nit,21.3125,3.7,3.7,11.475,61
2024-06-20,Tarda,21.9625,4.8,4.8,18.0625,61
2024-06-21,Matí,20.575,0.0,0.0,8.325,0
2024-06-21,Nit,19.0,0.0,0.0,3.95,3
2024-06-21,Tarda,23.175,0.0,0.0,14.55,0
2024-06-22,Matí,21.2875,0.2,0.2,7.9375,51
2024-06-22,Nit,18.775,0.0,0.0,6.4625,3
2024-06-22,Tarda,22.3125,1.2000000000000002,1.2000000000000002,18.0875,53
2024-06-23,Matí,20.525,1.9000000000000001,1.9000000000000001,5.5,53
2024-06-23,Nit,20.2125,0.0,0.0,6.3875,3
2024-06-23,Tarda,21.825,0.5,0.5,14.862499999999999,51
2024-06-24,Matí,21.75,0.4,0.4,6.2875,51
2024-06-24,Nit,19.7375,0.0,0.0,4.5,3
2024-06-24,Tarda,23.8875,0.9,0.9,15.8125,53
2024-06-25,Matí,22.625,0.0,0.0,10.7375,1
2024-06-25,Nit,19.4375,0.0,0.0,5.1375,2
2024-06-25,Tarda,24.8625,0.0,0.0,18.5375,1
2024-06-26,Matí,22.225,0.0,0.0,8.325,3
2024-06-26,Nit,20.0625,0.0,0.0,4.15,3
2024-06-26,Tarda,25.625,0.0,0.0,16.8875,3
2024-06-27,Matí,22.7,0.0,0.0,7.675,3
2024-06-27,Nit,21.1,0.0,0.0,3.9625,3
2024-06-27,Tarda,26.6375,0.0,0.0,9.85,3
2024-06-28,Matí,24.7625,0.0,0.0,8.45,2
2024-06-28,Nit,22.375,0.0,0.0,6.1,3
2024-06-28,Tarda,27.3875,0.0,0.0,18.9,3
2024-06-29,Matí,22.4125,1.4,1.4,10.5,55
2024-06-29,Nit,22.4625,0.1,0.1,13.887500000000001,51
2024-06-29,Tarda,25.7375,2.4000000000000004,2.4000000000000004,16.95,55
2024-06-30,Matí,22.3875,0.0,0.0,12.0375,2
2024-06-30,Nit,21.012500000000003,0.0,0.0,5.8125,1
2024-06-30,Tarda,23.7625,0.0,0.0,12.7625,1
2024-07-01,Matí,21.375,7.0,7.0,5.8875,63
2024-07-01,Nit,20.85,0.0,0.0,4.0875,3
2024-07-01,Tarda,21.6,4.8,4.8,7.1875,61
2024-07-02,Matí,20.725,0.0,0.0,8.8875,2
2024-07-02,Nit,19.4125,0.1,0.1,4.2125,51
2024-07-02,Tarda,22.6,0.0,0.0,15.125,3
2024-07-03,Matí,20.7,0.1,0.1,12.225,51
2024-07-03,Nit,20.5875,1.7,1.7,4.3374999999999995,53
2024-07-03,Tarda,22.4625,0.30000000000000004,0.30000000000000004,13.175,51
2024-07-04,Matí,21.9,0.1,0.1,7.0125,51
2024-07-04,Nit,19.662499999999998,0.0,0.0,4.3500000000000005,3
2024-07-04,Tarda,24.4875,0.0,0.0,12.1,1
2024-07-05,Matí,22.7875,0.0,0.0,4.824999999999999,3
2024-07-05,Nit,20.5,0.0,0.0,3.5875,2
2024-07-05,Tarda,25.1625,0.0,0.0,13.5,1
2024-07-06,Matí,23.8875,0.0,0.0,5.8625,3
2024-07-06,Nit,21.8,0.0,0.0,5.5125,3
2024-07-06,Tarda,25.0375,0.0,0.0,18.2625,3
2024-07-07,Matí,23.325,0.0,0.0,9.774999999999999,2
2024-07-07,Nit,21.85,0.1,0.1,6.5,51
2024-07-07,Tarda,25.3375,0.2,0.2,18.1125,51
2024-07-08,Matí,23.5125,0.0,0.0,8.425,0
2024-07-08,Nit,21.5125,0.0,0.0,3.8375,0
2024-07-08,Tarda,26.075,0.0,0.0,18.475,1
2024-07-09,Matí,23.65,0.0,0.0,8.0875,3
2024-07-09,Nit,21.7875,0.0,0.0,4.675,3
2024-07-09,Tarda,27.475,0.0,0.0,17.0375,3
2024-07-10,Matí,24.6125,0.0,0.0,6.1,0
2024-07-10,Nit,22.7375,0.0,0.0,3.575,1
2024-07-10,Tarda,27.925,0.0,0.0,16.525,0
2024-07-11,Matí,26.125,0.0,0.0,6.0625,0
2024-07-11,Nit,23.8375,0.0,0.0,5.1125,0
2024-07-11,Tarda,29.275,0.0,0.0,16.4625,1
2024-07-12,Matí,25.025,0.0,0.0,9.125,2
2024-07-12,Nit,23.475,0.0,0.0,5.475,0
2024-07-12,Tarda,26.925,0.2,0.2,15.5625,51
2024-07-13,Matí,22.7125,1.5999999999999999,1.5999999999999999,8.1,53
2024-07-13,Nit,23.0125,0.2,0.2,6.0375000000000005,51
2024-07-13,Tarda,24.625,0.0,0.0,11.775,3
2024-07-14,Matí,24.15,0.0,0.0,9.2125,3
2024-07-14,Nit,21.7875,0.0,0.0,4.9375,1
2024-07-14,Tarda,27.875,0.0,0.0,22.5625,1
2024-07-15,Matí,25.0625,0.1,0.1,10.8,51
2024-07-15,Nit,23.225,0.0,0.0,3.9875,0
2024-07-15,Tarda,28.1875,0.0,0.0,18.875,2
2024-07-16,Matí,25.65,0.0,0.0,6.875,1
2024-07-16,Nit,24.0375,0.0,0.0,3.1750000000000003,1
2024-07-16,Tarda,27.0125,0.0,0.0,13.662500000000001,0
2024-07-17,Matí,24.8875,0.0,0.0,8.3375,0
2024-07-17,Nit,23.125,0.0,0.0,4.6625,2
2024-07-17,Tarda,27.25,0.0,0.0,16.175,3
2024-07-18,Matí,25.75,0.0,0.0,9.55,0
2024-07-18,Nit,23.2625,0.0,0.0,5.2375,0
2024-07-18,Tarda,29.5625,0.0,0.0,17.7875,1
2024-07-19,Matí,26.8125,0.0,0.0,9.55,3
2024-07-19,Nit,24.2,0.0,0.0,4.85,3
2024-07-19,Tarda,29.075,0.0,0.0,15.125,1
2024-07-20,Matí,26.725,0.0,0.0,10.425,0
2024-07-20,Nit,23.8125,0.0,0.0,6.1875,0
2024-07-20,Tarda,29.2375,0.0,0.0,17.325,0
2024-07-21,Matí,23.375,12.700000000000001,12.700000000000001,11.85,63
2024-07-21,Nit,23.775,0.0,0.0,3.3125,3
2024-07-21,Tarda,25.5,0.6000000000000001,0.6000000000000001,18.3125,51
2024-07-22,Matí,23.8,0.0,0.0,8.575,0
2024-07-22,Nit,21.7,0.0,0.0,5.3625,0
2024-07-22,Tarda,27.3875,0.0,0.0,14.700000000000001,0
2024-07-23,Matí,23.8875,0.0,0.0,5.7375,0
2024-07-23,Nit,21.85,0.0,0.0,4.5625,0
2024-07-23,Tarda,28.0,0.0,0.0,13.55,0
2024-07-24,Matí,25.775,0.0,0.0,6.7875,0
2024-07-24,Nit,23.65,0.0,0.0,3.35,0
2024-07-24,Tarda,28.1625,0.0,0.0,15.9,0
2024-07-25,Matí,25.1625,0.0,0.0,6.8625,0
2024-07-25,Nit,22.8625,0.0,0.0,3.7875,0
2024-07-25,Tarda,27.85,0.0,0.0,16.5625,1
2024-07-26,Matí,25.875,0.0,0.0,6.5,0
2024-07-26,Nit,23.675,0.0,0.0,3.85,3
2024-07-26,Tarda,29.675,0.0,0.0,15.15,3
2024-07-27,Matí,25.85,0.0,0.0,8.475,0
2024-07-27,Nit,23.55,0.0,0.0,3.325,3
2024-07-27,Tarda,28.8875,0.0,0.0,11.825,0
2024-07-28,Matí,26.75,0.0,0.0,14.0625,0
2024-07-28,Nit,24.2375,0.0,0.0,5.2625,0
2024-07-28,Tarda,29.375,0.0,0.0,12.2125,0
2024-07-29,Matí,27.25,0.0,0.0,5.8875,0
2024-07-29,Nit,24.3,0.0,0.0,4.725,0
2024-07-29,Tarda,32.15,0.0,0.0,14.8875,0
2024-07-30,Matí,28.45,0.0,0.0,9.375,0
2024-07-30,Nit,25.1875,0.0,0.0,4.5875,0
2024-07-30,Tarda,34.3625,0.0,0.0,15.95,3
2024-07-31,Matí,28.7375,0.0,0.0,7.737500000000001,0
2024-07-31,Nit,26.15,0.0,0.0,4.0375,0
2024-07-31,Tarda,34.45,0.0,0.0,17.15,0
2024-08-01,Matí,28.1375,0.0,0.0,6.6875,0
2024-08-01,Nit,25.5625,0.0,0.0,4.45,0
2024-08-01,Tarda,29.85,0.0,0.0,11.5375,0
2024-08-02,Matí,28.175,0.0,0.0,5.05,0
2024-08-02,Nit,26.412499999999998,0.0,0.0,2.3875,3
2024-08-02,Tarda,31.099999999999998,0.0,0.0,11.6,3
2024-08-03,Matí,26.6,0.0,0.0,8.8875,0
2024-08-03,Nit,25.6125,0.0,0.0,3.225,0
2024-08-03,Tarda,28.4875,0.0,0.0,14.8375,0
2024-08-04,Matí,26.4125,0.2,0.2,8.3875,51
2024-08-04,Nit,25.0,0.0,0.0,3.8625,0
2024-08-04,Tarda,29.8625,0.0,0.0,17.6625,1
2024-08-05,Matí,26.0875,0.0,0.0,7.15,2
2024-08-05,Nit,24.75,0.0,0.0,5.1125,2
2024-08-05,Tarda,29.8625,0.0,0.0,17.3625,3
2024-08-06,Matí,27.05,0.0,0.0,6.625,1
2024-08-06,Nit,24.9875,0.0,0.0,6.35,3
2024-08-06,Tarda,30.3,0.0,0.0,17.0625,3
2024-08-07,Matí,26.875,0.0,0.0,8.725,3
2024-08-07,Nit,25.0625,0.0,0.0,3.7,2
2024-08-07,Tarda,29.15,0.0,0.0,11.5375,3
2024-08-08,Matí,27.0625,0.0,0.0,7.1625,0
2024-08-08,Nit,25.075,0.0,0.0,3.175,0
2024-08-08,Tarda,29.325,0.0,0.0,12.9375,0
2024-08-09,Matí,27.3625,0.0,0.0,8.2,0
2024-08-09,Nit,25.025,0.0,0.0,3.9125,0
2024-08-09,Tarda,30.025,0.0,0.0,13.75,0
2024-08-10,Matí,28.387500000000003,0.0,0.0,8.375,0
2024-08-10,Nit,26.1125,0.0,0.0,4.1125,0
2024-08-10,Tarda,30.3,0.0,0.0,11.1375,1
2024-08-11,Matí,26.5375,0.0,0.0,9.6125,0
2024-08-11,Nit,26.0,0.0,0.0,6.5625,0
2024-08-11,Tarda,28.375,0.0,0.0,13.4875,3
2024-08-12,Matí,26.4,0.0,0.0,6.1,1
2024-08-12,Nit,25.2,0.0,0.0,5.6625,1
2024-08-12,Tarda,28.55,0.0,0.0,13.525,1
2024-08-13,Matí,26.475,0.1,0.1,5.4375,51
2024-08-13,Nit,24.4125,0.0,0.0,2.625,3
2024-08-13,Tarda,26.275,3.1999999999999997,3.1999999999999997,7.15,61
2024-08-14,Matí,26.0625,0.4,0.4,6.9875,51
2024-08-14,Nit,23.7625,8.8,8.8,6.1,63
2024-08-14,Tarda,23.125,10.1,10.1,9.4875,61
2024-08-15,Matí,23.25,0.1,0.1,7.125,51
2024-08-15,Nit,21.475,0.9,0.9,5.5125,53
2024-08-15,Tarda,26.0875,0.8,0.8,5.95,53
2024-08-16,Matí,23.2625,0.0,0.0,4.8125,3
2024-08-16,Nit,22.0,0.0,0.0,5.5375,1
2024-08-16,Tarda,26.4625,0.1,0.1,7.949999999999999,51
2024-08-17,Matí,24.875,0.1,0.1,5.7875,51
2024-08-17,Nit,23.025,0.2,0.2,4.1,51
2024-08-17,Tarda,28.4875,0.0,0.0,16.6375,3
2024-08-18,Matí,23.3375,3.4,3.4,9.55,61
2024-08-18,Nit,23.4375,0.2,0.2,2.9125,51
2024-08-18,Tarda,24.225,1.7,1.7,16.6375,53
2024-08-19,Matí,23.375,0.7000000000000001,0.7000000000000001,7.0625,51
2024-08-19,Nit,22.45,0.30000000000000004,0.30000000000000004,5.2375,51
2024-08-19,Tarda,26.4625,0.0,0.0,15.2125,1
2024-08-20,Matí,22.724999999999998,0.0,0.0,6.5125,3
2024-08-20,Nit,22.575,0.0,0.0,3.625,0
2024-08-20,Tarda,27.85,0.0,0.0,12.9375,0
2024-08-21,Matí,24.3625,0.7,0.7,8.9625,53
2024-08-21,Nit,22.7625,0.0,0.0,4.125,0
2024-08-21,Tarda,28.2625,0.2,0.2,18.125,51
2024-08-22,Matí,25.675,0.0,0.0,6.4125,1
2024-08-22,Nit,23.825,0.0,0.0,3.5,3
2024-08-22,Tarda,28.525,0.0,0.0,14.674999999999999,3
2024-08-23,Matí,26.1,0.0,0.0,5.75,1
2024-08-23,Nit,24.1875,0.0,0.0,5.3,1
2024-08-23,Tarda,29.1625,0.0,0.0,14.575,2
2024-08-24,Matí,25.675,0.0,0.0,7.512499999999999,1
2024-08-24,Nit,24.4625,0.0,0.0,5.2875,3
2024-08-24,Tarda,28.5875,0.0,0.0,14.8875,0
2024-08-25,Matí,26.2125,0.0,0.0,6.825,3
2024-08-25,Nit,24.375,0.0,0.0,8.737499999999999,2
2024-08-25,Tarda,27.1125,0.3,0.3,13.3125,51
2024-08-26,Matí,25.2625,0.0,0.0,5.2625,3
2024-08-26,Nit,23.625,0.0,0.0,6.8375,3
2024-08-26,Tarda,27.6125,0.5,0.5,18.2625,53
2024-08-27,Matí,24.9,0.30000000000000004,0.30000000000000004,4.5,51
2024-08-27,Nit,23.925,0.0,0.0,5.1625,1
2024-08-27,Tarda,28.375,1.0,1.0,16.3375,51
2024-08-28,Matí,25.225,0.7,0.7,7.6125,53
2024-08-28,Nit,24.0375,0.0,0.0,3.35,2
2024-08-28,Tarda,27.6625,0.7,0.7,12.15,53
2024-08-29,Matí,24.675,0.1,0.1,8.475,51
2024-08-29,Nit,23.6625,0.0,0.0,2.9,3
2024-08-29,Tarda,26.3875,0.0,0.0,10.725,3
2024-08-30,Matí,23.9375,0.0,0.0,6.425000000000001,3
2024-08-30,Nit,22.2875,0.0,0.0,2.975,3
2024-08-30,Tarda,27.3375,0.0,0.0,11.55,3
2024-08-31,Matí,24.8375,0.0,0.0,7.4375,3
2024-08-31,Nit,23.8875,0.0,0.0,2.4,3
2024-08-31,Tarda,27.925,0.0,0.0,11.15,3
2024-09-01,Matí,24.475,0.30000000000000004,0.30000000000000004,6.0375,51
2024-09-01,Nit,23.65,0.0,0.0,3.625,3
2024-09-01,Tarda,27.5625,0.0,0.0,10.725,3
2024-09-02,Matí,24.15,0.0,0.0,5.0125,1
2024-09-02,Nit,23.2125,0.0,0.0,4.1875,3
2024-09-02,Tarda,27.825,0.0,0.0,11.7875,3
2024-09-03,Matí,24.0,1.8,1.8,5.2,53
2024-09-03,Nit,22.925,0.0,0.0,3.6,3
2024-09-03,Tarda,24.3,2.0,2.0,6.375,53
2024-09-04,Matí,20.675,9.0,9.0,5.4875,63
2024-09-04,Nit,19.575,0.0,0.0,4.3125,2
2024-09-04,Tarda,21.175,17.4,17.4,6.4375,65
2024-09-05,Matí,19.075,0.0,0.0,10.6375,3
2024-09-05,Nit,18.8,0.0,0.0,3.9375,3
2024-09-05,Tarda,23.1125,0.1,0.1,9.2875,51
2024-09-06,Matí,22.425,0.2,0.2,7.65,51
2024-09-06,Nit,19.975,1.0,1.0,7.275,53
2024-09-06,Tarda,24.975,2.3,2.3,17.95,53
2024-09-07,Matí,23.4125,0.1,0.1,5.6625,51
2024-09-07,Nit,21.7875,0.6000000000000001,0.6000000000000001,8.7,51
2024-09-07,Tarda,26.8875,0.5,0.5,14.2375,51
2024-09-08,Matí,22.1125,4.3,4.3,11.35,55
2024-09-08,Nit,21.6875,1.7999999999999998,1.7999999999999998,5.6,61
2024-09-08,Tarda,23.4625,2.1,2.1,7.1,61
2024-09-09,Matí,20.4875,0.1,0.1,10.225,51
2024-09-09,Nit,20.7,0.2,0.2,5.1,51
2024-09-09,Tarda,24.15,0.0,0.0,11.825,2
2024-09-10,Matí,20.375,0.0,0.0,8.4625,3
2024-09-10,Nit,20.1625,0.0,0.0,7.4625,1
2024-09-10,Tarda,23.7875,0.0,0.0,13.600000000000001,2
2024-09-11,Matí,19.3125,0.0,0.0,8.025,3
2024-09-11,Nit,19.3125,0.0,0.0,4.525,2
2024-09-11,Tarda,22.55,0.0,0.0,10.7,3
2024-09-12,Matí,20.2,1.4,1.4,12.35,51
2024-09-12,Nit,18.9375,0.1,0.1,4.8,51
2024-09-12,Tarda,18.975,15.5,15.5,13.65,63
2024-09-13,Matí,16.6625,0.0,0.0,5.8374999999999995,1
2024-09-13,Nit,16.1375,0.0,0.0,5.35,2
2024-09-13,Tarda,20.3125,0.1,0.1,12.8875,51
2024-09-14,Matí,16.75,0.0,0.0,8.125,0
2024-09-14,Nit,15.3625,0.0,0.0,5.4625,3
2024-09-14,Tarda,22.35,0.0,0.0,11.925,0
2024-09-15,Matí,17.2375,0.0,0.0,6.475,0
2024-09-15,Nit,15.6375,0.0,0.0,5.6625,0
2024-09-15,Tarda,24.1375,0.0,0.0,9.95,0
2024-09-16,Matí,17.9625,0.0,0.0,8.7375,2
2024-09-16,Nit,17.05,0.0,0.0,6.050000000000001,0
2024-09-16,Tarda,24.7625,0.0,0.0,8.4125,3
2024-09-17,Matí,18.075,0.0,0.0,8.725,3
2024-09-17,Nit,16.8375,0.0,0.0,5.9125,3
2024-09-17,Tarda,21.9625,1.4,1.4,12.2375,53
2024-09-18,Matí,18.55,0.8,0.8,11.025,51
2024-09-18,Nit,18.5375,1.7000000000000002,1.7000000000000002,12.8,61
2024-09-18,Tarda,20.95,0.2,0.2,8.625,51
2024-09-19,Matí,18.2875,0.0,0.0,5.775,1
2024-09-19,Nit,17.75,0.5,0.5,4.375,51
2024-09-19,Tarda,21.2,1.1,1.1,10.3125,51
2024-09-20,Matí,18.4625,1.5,1.5,6.55,53
2024-09-20,Nit,17.0,0.1,0.1,5.7375,51
2024-09-20,Tarda,20.2375,0.5,0.5,7.9375,51
2024-09-21,Matí,20.2375,0.1,0.1,11.9375,51
2024-09-21,Nit,17.775,0.4,0.4,5.85,51
2024-09-21,Tarda,21.075,2.7,2.7,13.9375,53
2024-09-22,Matí,18.9,5.1,5.1,6.0875,63
2024-09-22,Nit,18.6,0.4,0.4,5.6,51
2024-09-22,Tarda,22.15,0.4,0.4,6.3,51
2024-09-23,Matí,18.8375,0.2,0.2,6.85,51
2024-09-23,Nit,18.1125,1.4000000000000001,1.4000000000000001,5.5,61
2024-09-23,Tarda,21.175,5.7,5.7,12.225,63
2024-09-24,Matí,18.837500000000002,2.5999999999999996,2.5999999999999996,6.2875,61
2024-09-24,Nit,17.9125,0.0,0.0,6.225,3
2024-09-24,Tarda,23.125,1.1,1.1,13.6125,55
2024-09-25,Matí,18.35,0.0,0.0,5.05,3
2024-09-25,Nit,18.2375,0.0,0.0,6.2375,3
2024-09-25,Tarda,23.5125,0.1,0.1,15.05,51
2024-09-26,Matí,22.425,0.0,0.0,9.375,0
2024-09-26,Nit,20.0375,0.0,0.0,6.75,3
2024-09-26,Tarda,26.625,0.0,0.0,16.9125,1
2024-09-27,Matí,20.2375,0.0,0.0,10.9875,2
2024-09-27,Nit,19.5375,0.0,0.0,4.875,2
2024-09-27,Tarda,23.8875,0.0,0.0,18.125,1
2024-09-28,Matí,15.45,0.0,0.0,7.4625,0
2024-09-28,Nit,15.5125,0.0,0.0,6.875,0
2024-09-28,Tarda,20.5625,0.0,0.0,9.7125,1
2024-09-29,Matí,17.3875,0.0,0.0,7.5625,0
2024-09-29,Nit,17.2375,0.5,0.5,7.4,51
2024-09-29,Tarda,22.25,0.0,0.0,19.3625,2
2024-09-30,Matí,18.85,0.0,0.0,7.0125,2
2024-09-30,Nit,16.8125,0.0,0.0,4.2125,0
2024-09-30,Tarda,23.725,0.0,0.0,16.925,1
2024-10-01,Matí,19.5625,0.0,0.0,9.2375,3
2024-10-01,Nit,18.25,0.0,0.0,4.8375,3
2024-10-01,Tarda,23.425,0.0,0.0,21.05,3
2024-10-02,Matí,19.975,1.0,1.0,7.775,53
2024-10-02,Nit,17.9,3.5,3.5,6.775,61
2024-10-02,Tarda,20.275,10.600000000000001,10.600000000000001,18.25,63
2024-10-03,Matí,17.75,3.5999999999999996,3.5999999999999996,11.6625,63
2024-10-03,Nit,16.375,13.1,13.1,12.9125,63
2024-10-03,Tarda,20.025,0.0,0.0,10.0,1
2024-10-04,Matí,16.2125,0.0,0.0,10.3125,0
2024-10-04,Nit,15.9,0.1,0.1,6.9625,51
2024-10-04,Tarda,20.625,0.2,0.2,11.5625,51
2024-10-05,Matí,16.6625,0.0,0.0,5.2875000000000005,3
2024-10-05,Nit,17.45,0.30000000000000004,0.30000000000000004,7.0625,51
2024-10-05,Tarda,20.7,0.0,0.0,10.075,3
2024-10-06,Matí,18.4125,0.0,0.0,4.925,3
2024-10-06,Nit,16.5875,0.0,0.0,3.6375,3
2024-10-06,Tarda,23.875,0.0,0.0,12.4125,3
2024-10-07,Matí,19.7875,0.0,0.0,3.225,3
2024-10-07,Nit,18.925,0.0,0.0,4.1,3
2024-10-07,Tarda,23.4625,0.0,0.0,8.5875,3
2024-10-08,Matí,19.1,0.0,0.0,16.6625,2
2024-10-08,Nit,18.75,3.9,3.9,6.362500000000001,61
2024-10-08,Tarda,22.65,0.0,0.0,17.55,3
2024-10-09,Matí,19.2125,0.0,0.0,10.9375,3
2024-10-09,Nit,18.575,0.0,0.0,10.125,3
2024-10-09,Tarda,22.9625,0.0,0.0,24.0375,3
2024-10-10,Matí,17.5625,0.0,0.0,6.1625,1
2024-10-10,Nit,19.4875,0.0,0.0,10.925,2
2024-10-10,Tarda,20.425,0.0,0.0,6.862500000000001,1
2024-10-11,Matí,17.3,0.0,0.0,6.6125,1
2024-10-11,Nit,15.9625,0.0,0.0,5.725,3
2024-10-11,Tarda,19.05,0.0,0.0,7.5875,3
2024-10-12,Matí,17.85,1.4,1.4,6.2875,53
2024-10-12,Nit,15.8125,0.0,0.0,4.825,3
2024-10-12,Tarda,21.5,0.6,0.6,14.325000000000001,53
2024-10-13,Matí,18.0,0.0,0.0,9.4,3
2024-10-13,Nit,16.2375,0.0,0.0,5.3125,3
2024-10-13,Tarda,20.85,0.0,0.0,7.8375,3
2024-10-14,Matí,18.95,0.0,0.0,6.0125,3
2024-10-14,Nit,17.2375,0.0,0.0,7.6499999999999995,3
2024-10-14,Tarda,22.075,0.0,0.0,17.6,3
2024-10-15,Matí,21.1375,0.0,0.0,13.6375,3
2024-10-15,Nit,19.475,0.0,0.0,8.7625,3
2024-10-15,Tarda,21.55,5.6,5.6,13.6875,63
2024-10-16,Matí,19.375,0.0,0.0,5.15,3
2024-10-16,Nit,18.4125,22.5,22.5,5.4125,65
2024-10-16,Tarda,22.4625,0.2,0.2,11.75,51
2024-10-17,Matí,18.9375,5.4,5.4,5.8125,61
2024-10-17,Nit,17.275,0.0,0.0,4.375,2
2024-10-17,Tarda,19.4125,0.5,0.5,13.15,51
2024-10-18,Matí,15.7375,0.0,0.0,7.449999999999999,3
2024-10-18,Nit,14.825,0.0,0.0,5.1,3
2024-10-18,Tarda,18.1375,0.1,0.1,9.7625,51
2024-10-19,Matí,13.525,0.0,0.0,6.575,2
2024-10-19,Nit,13.0625,0.0,0.0,4.4875,3
2024-10-19,Tarda,18.9,0.0,0.0,6.5375,3
2024-10-20,Matí,15.7875,0.0,0.0,6.4625,3
2024-10-20,Nit,14.1375,0.0,0.0,5.4875,3
2024-10-20,Tarda,21.3125,0.0,0.0,6.4125,3
2024-10-21,Matí,18.175,0.0,0.0,8.425,3
2024-10-21,Nit,15.3375,0.0,0.0,5.2125,3
2024-10-21,Tarda,20.7875,0.0,0.0,10.2375,3
2024-10-22,Matí,17.075,0.0,0.0,7.35,3
2024-10-22,Nit,15.2375,0.0,0.0,4.7875,3
2024-10-22,Tarda,20.4375,0.0,0.0,14.75,3
2024-10-23,Matí,16.3875,0.0,0.0,3.9,2
2024-10-23,Nit,15.0375,0.0,0.0,4.2625,3
2024-10-23,Tarda,19.75,0.0,0.0,7.575,2
2024-10-24,Matí,16.175,0.0,0.0,3.9375,1
2024-10-24,Nit,14.7875,0.0,0.0,4.2375,3
2024-10-24,Tarda,19.3875,0.0,0.0,8.4875,3
2024-10-25,Matí,16.4125,0.0,0.0,5.4875,3
2024-10-25,Nit,15.225,1.7000000000000002,1.7000000000000002,4.7375,61
2024-10-25,Tarda,18.7125,1.1,1.1,8.2625,53
2024-10-26,Matí,16.55,2.7,2.7,9.2875,53
2024-10-26,Nit,15.6625,11.2,11.2,5.075,63
2024-10-26,Tarda,16.8375,3.3000000000000003,3.3000000000000003,4.95,61
2024-10-27,Matí,14.525,0.0,0.0,10.1,3
2024-10-27,Nit,13.75,0.1,0.1,8.4625,51
2024-10-27,Tarda,18.0,3.8000000000000003,3.8000000000000003,16.75,63
2024-10-28,Matí,18.275,2.3,2.3,19.3625,55
2024-10-28,Nit,17.6125,0.1,0.1,17.275,51
2024-10-28,Tarda,19.3,0.30000000000000004,0.30000000000000004,19.0,51
2024-10-29,Matí,18.725,0.1,0.1,17.4625,51
2024-10-29,Nit,17.3625,0.30000000000000004,0.30000000000000004,13.5625,51
2024-10-29,Tarda,20.3375,0.0,0.0,24.775,3
2024-10-30,Matí,18.7625,18.0,18.0,27.5375,65
2024-10-30,Nit,18.4125,2.1,2.1,21.7,61
2024-10-30,Tarda,19.1375,22.5,22.5,24.9625,65
2024-10-31,Matí,19.5,0.1,0.1,20.375,51
2024-10-31,Nit,17.375,6.5,6.5,11.9,63
2024-10-31,Tarda,20.3625,0.2,0.2,15.8375,51
2024-11-01,Matí,15.9625,0.5,0.5,9.7625,53
2024-11-01,Nit,15.5,0.0,0.0,6.025,3
2024-11-01,Tarda,19.45,5.3999999999999995,5.3999999999999995,11.6375,63
2024-11-02,Matí,16.525,21.8,21.8,10.1,65
2024-11-02,Nit,15.912500000000001,0.2,0.2,9.6375,51
2024-11-02,Tarda,18.15,5.1,5.1,20.1875,63
2024-11-03,Matí,16.7625,4.2,4.2,9.7,61
2024-11-03,Nit,16.25,0.0,0.0,7.3625,3
2024-11-03,Tarda,18.1,3.8000000000000003,3.8000000000000003,10.7875,61
2024-11-04,Matí,17.2875,5.1000000000000005,5.1000000000000005,11.2625,63
2024-11-04,Nit,16.975,7.3,7.3,8.8,63
2024-11-04,Tarda,18.95,0.30000000000000004,0.30000000000000004,9.1375,51
2024-11-05,Matí,17.4875,1.8,1.8,5.1375,61
2024-11-05,Nit,16.5125,8.5,8.5,6.8,63
2024-11-05,Tarda,19.2,0.0,0.0,3.5,3
2024-11-06,Matí,16.4625,0.0,0.0,5.074999999999999,3
2024-11-06,Nit,15.424999999999999,1.5,1.5,4.6,53
2024-11-06,Tarda,17.6875,5.1,5.1,8.0875,63
2024-11-07,Matí,16.4375,2.7,2.7,11.125,61
2024-11-07,Nit,14.2875,1.3,1.3,5.7875,53
2024-11-07,Tarda,17.975,0.5,0.5,14.9875,51
2024-11-08,Matí,14.075,0.0,0.0,5.65,3
2024-11-08,Nit,13.4625,0.0,0.0,4.15,3
2024-11-08,Tarda,18.6875,0.4,0.4,4.0375000000000005,51
2024-11-09,Matí,13.5,0.0,0.0,6.7375,3
2024-11-09,Nit,13.975,0.0,0.0,4.0875,2
2024-11-09,Tarda,17.3625,1.6,1.6,5.4624999999999995,53
2024-11-10,Matí,14.237499999999999,0.0,0.0,9.925,1
2024-11-10,Nit,13.525,0.0,0.0,5.737500000000001,1
2024-11-10,Tarda,19.15,0.2,0.2,4.8125,51
2024-11-11,Matí,12.675,0.0,0.0,6.5375,3
2024-11-11,Nit,11.825,0.0,0.0,5.6625,3
2024-11-11,Tarda,17.6625,0.0,0.0,7.0875,0
2024-11-12,Matí,12.3875,0.30000000000000004,0.30000000000000004,7.575,51
2024-11-12,Nit,10.8625,0.0,0.0,6.05,3
2024-11-12,Tarda,12.3375,2.8000000000000003,2.8000000000000003,3.925,61
2024-11-13,Matí,12.775,4.6,4.6,19.1875,55
2024-11-13,Nit,11.625,0.2,0.2,8.725,51
2024-11-13,Tarda,14.7,1.9000000000000001,1.9000000000000001,20.825,55
2024-11-14,Matí,10.8875,0.0,0.0,4.575,0
2024-11-14,Nit,12.1625,0.0,0.0,7.675000000000001,3
2024-11-14,Tarda,15.6375,0.0,0.0,11.0375,1
2024-11-15,Matí,13.3875,0.0,0.0,4.3875,3
2024-11-15,Nit,12.875,0.0,0.0,7.05,3
2024-11-15,Tarda,15.0,0.0,0.0,4.8875,3
2024-11-16,Matí,12.075,0.0,0.0,4.5375,1
2024-11-16,Nit,11.1,0.0,0.0,5.125,2
2024-11-16,Tarda,16.775,0.0,0.0,7.575,3
2024-11-17,Matí,11.7625,0.0,0.0,7.0,3
2024-11-17,Nit,11.225,0.0,0.0,5.3875,3
2024-11-17,Tarda,16.3375,0.0,0.0,3.0250000000000004,0
2024-11-18,Matí,12.0375,0.30000000000000004,0.30000000000000004,6.5125,51
2024-11-18,Nit,10.7875,0.0,0.0,6.175,1
2024-11-18,Tarda,15.6375,0.2,0.2,6.6,51
2024-11-19,Matí,11.35,0.0,0.0,6.9375,3
2024-11-19,Nit,11.5375,0.0,0.0,7.425,3
2024-11-19,Tarda,15.725000000000001,0.0,0.0,5.8125,3
2024-11-20,Matí,15.7625,0.0,0.0,20.4125,3
2024-11-20,Nit,14.5,0.0,0.0,12.05,3
2024-11-20,Tarda,17.8,0.0,0.0,14.0625,3
2024-11-21,Matí,13.2125,0.0,0.0,8.2125,3
2024-11-21,Nit,14.225000000000001,0.0,0.0,9.375,3
2024-11-21,Tarda,17.9375,0.0,0.0,20.3125,3
2024-11-22,Matí,14.65,0.0,0.0,12.675,3
2024-11-22,Nit,15.525,0.0,0.0,18.575,3
2024-11-22,Tarda,15.35,0.0,0.0,10.625,1
2024-11-23,Matí,12.525,0.0,0.0,6.475,3
2024-11-23,Nit,12.1375,0.4,0.4,3.7875,51
2024-11-23,Tarda,15.8125,0.0,0.0,11.600000000000001,2
2024-11-24,Matí,14.8625,0.2,0.2,3.375,51
2024-11-24,Nit,13.2625,0.0,0.0,3.8125,3
2024-11-24,Tarda,17.3125,0.0,0.0,5.3125,2
2024-11-25,Matí,14.275,0.0,0.0,5.125,3
2024-11-25,Nit,12.6125,0.0,0.0,4.325,2
2024-11-25,Tarda,18.2125,0.0,0.0,13.1375,3
2024-11-26,Matí,12.925,0.1,0.1,4.825,51
2024-11-26,Nit,13.2625,0.0,0.0,4.7875,3
2024-11-26,Tarda,16.15,0.0,0.0,6.1375,3
2024-11-27,Matí,10.9125,0.0,0.0,7.375,3
2024-11-27,Nit,10.275,0.0,0.0,5.8625,3
2024-11-27,Tarda,14.925,0.0,0.0,2.2875,0
2024-11-28,Matí,8.075,0.0,0.0,8.025,0
2024-11-28,Nit,8.0125,0.0,0.0,6.887499999999999,0
2024-11-28,Tarda,15.175,0.0,0.0,5.875,0
2024-11-29,Matí,9.375,0.0,0.0,8.625,0
2024-11-29,Nit,8.125,0.0,0.0,7.8374999999999995,0
2024-11-29,Tarda,14.6125,0.0,0.0,3.45,1
2024-11-30,Matí,9.925,0.0,0.0,6.125,0
2024-11-30,Nit,9.3125,0.0,0.0,5.575,1
2024-11-30,Tarda,14.825,0.0,0.0,3.6625,1
2024-12-01,Matí,12.4125,0.0,0.0,6.225,3
2024-12-01,Nit,10.725,0.0,0.0,5.6375,3
2024-12-01,Tarda,15.8875,0.0,0.0,6.9625,3
2024-12-02,Matí,10.375,0.0,0.0,10.125,3
2024-12-02,Nit,9.8625,0.0,0.0,6.675,3
2024-12-02,Tarda,16.5375,0.0,0.0,9.9,3
2024-12-03,Matí,9.8375,0.0,0.0,6.8875,3
2024-12-03,Nit,11.1375,0.3,0.3,8.05,51
2024-12-03,Tarda,14.5,0.2,0.2,10.375,51
2024-12-04,Matí,10.85,0.4,0.4,3.7875,51
2024-12-04,Nit,11.075,3.1999999999999997,3.1999999999999997,4.3,55
2024-12-04,Tarda,13.7125,0.0,0.0,4.275,1
2024-12-05,Matí,7.949999999999999,0.0,0.0,8.8875,3
2024-12-05,Nit,8.175,0.0,0.0,6.8125,3
2024-12-05,Tarda,12.9625,0.0,0.0,2.5625,3
2024-12-06,Matí,12.212499999999999,0.0,0.0,9.8625,3
2024-12-06,Nit,9.5375,0.0,0.0,6.85,3
2024-12-06,Tarda,17.325,0.0,0.0,5.9750000000000005,3
2024-12-07,Matí,11.8125,0.0,0.0,7.8625,3
2024-12-07,Nit,10.1875,0.0,0.0,9.025,2
2024-12-07,Tarda,16.6125,0.0,0.0,19.8,1
2024-12-08,Matí,9.475,0.0,0.0,18.575,1
2024-12-08,Nit,8.975,0.0,0.0,15.45,3
2024-12-08,Tarda,11.9,0.0,0.0,17.9625,3
2024-12-09,Matí,7.6,0.0,0.0,10.2125,1
2024-12-09,Nit,8.075,0.7,0.7,13.575,53
2024-12-09,Tarda,12.1875,0.1,0.1,10.075,51
2024-12-10,Matí,6.9375,2.2,2.2,3.175,61
2024-12-10,Nit,6.4,1.0,1.0,4.8,51
2024-12-10,Tarda,8.75,8.3,8.3,3.95,63
2024-12-11,Matí,7.0,3.7,3.7,8.7125,53
2024-12-11,Nit,7.8625,4.4,4.4,7.0375000000000005,55
2024-12-11,Tarda,9.375,3.6,3.6,7.125,55
2024-12-12,Matí,11.1375,0.2,0.2,17.55,51
2024-12-12,Nit,9.8,0.4,0.4,12.6,51
2024-12-12,Tarda,11.775,1.3,1.3,18.2,51
2024-12-13,Matí,8.8125,0.0,0.0,4.7625,2
2024-12-13,Nit,9.8625,0.4,0.4,9.4375,51
2024-12-13,Tarda,12.575,0.0,0.0,6.5125,1
2024-12-14,Matí,7.8625,0.0,0.0,9.3875,0
2024-12-14,Nit,7.1875,0.0,0.0,7.8125,2
2024-12-14,Tarda,11.5625,0.0,0.0,8.85,0
2024-12-15,Matí,6.125,0.0,0.0,7.4,1
2024-12-15,Nit,5.6375,0.0,0.0,7.5625,0
2024-12-15,Tarda,10.9375,0.0,0.0,3.875,1
2024-12-16,Matí,4.8,0.0,0.0,8.5125,0
2024-12-16,Nit,5.225,0.0,0.0,7.4875,0
2024-12-16,Tarda,11.6875,0.0,0.0,9.225,0
2024-12-17,Matí,6.7625,0.0,0.0,9.2625,2
2024-12-17,Nit,6.125,0.1,0.1,7.875,51
2024-12-17,Tarda,12.2375,0.0,0.0,12.675,3
2024-12-18,Matí,6.425,0.0,0.0,8.6375,1
2024-12-18,Nit,6.0875,0.0,0.0,8.625,3
2024-12-18,Tarda,11.75,0.0,0.0,3.575,3
2024-12-19,Matí,13.3,0.0,0.0,13.8125,3
2024-12-19,Nit,9.7,0.0,0.0,11.2875,3
2024-12-19,Tarda,16.5375,0.0,0.0,18.0125,3
2024-12-20,Matí,6.7625,0.0,0.0,4.175,1
2024-12-20,Nit,8.6375,0.0,0.0,8.7125,1
2024-12-20,Tarda,12.2125,0.0,0.0,4.95,3
2024-12-21,Matí,4.3125,0.0,0.0,9.5875,3
2024-12-21,Nit,6.0125,0.0,0.0,5.75,1
2024-12-21,Tarda,11.3125,0.0,0.0,6.75,3
2024-12-22,Matí,9.2625,0.0,0.0,11.275,3
2024-12-22,Nit,8.95,0.0,0.0,9.7375,1
2024-12-22,Tarda,15.200000000000001,0.0,0.0,20.0375,3
2024-12-23,Matí,8.975,0.0,0.0,7.7625,2
2024-12-23,Nit,9.5625,0.0,0.0,9.75,1
2024-12-23,Tarda,11.8875,0.0,0.0,2.9,0
2024-12-24,Matí,6.1125,0.0,0.0,3.45,3
2024-12-24,Nit,5.9125,0.0,0.0,5.9125000000000005,3
2024-12-24,Tarda,12.025,0.0,0.0,3.1875,3
2024-12-25,Matí,8.1375,0.0,0.0,4.65,2
2024-12-25,Nit,7.025,0.0,0.0,3.725,1
2024-12-25,Tarda,13.425,0.0,0.0,2.6999999999999997,2
2024-12-26,Matí,10.6125,0.0,0.0,3.9125,3
2024-12-26,Nit,9.2,0.0,0.0,3.7249999999999996,3
2024-12-26,Tarda,12.9125,0.0,0.0,5.7375,3
2024-12-27,Matí,7.2,0.0,0.0,7.487500000000001,2
2024-12-27,Nit,7.8,0.0,0.0,5.2125,3
2024-12-27,Tarda,12.5875,0.0,0.0,3.0,0
2024-12-28,Matí,4.025,0.0,0.0,7.125,0
2024-12-28,Nit,4.825,0.0,0.0,5.3625,0
2024-12-28,Tarda,11.8125,0.0,0.0,3.55,0
2024-12-29,Matí,4.3125,0.0,0.0,6.6875,0
2024-12-29,Nit,4.1625,0.0,0.0,6.5875,0
2024-12-29,Tarda,11.725,0.0,0.0,2.8875,0
2024-12-30,Matí,3.4250000000000003,0.0,0.0,6.7625,0
2024-12-30,Nit,3.85,0.0,0.0,6.0,0
2024-12-30,Tarda,11.4875,0.0,0.0,3.7875,0
2024-12-31,Matí,4.9375,0.0,0.0,5.85,2
2024-12-31,Nit,4.7875,0.0,0.0,6.5,3
2024-12-31,Tarda,11.2375,0.0,0.0,4.525,1
2025-01-01,Matí,6.1625,0.0,0.0,7.35,3
2025-01-01,Nit,6.9875,0.0,0.0,7.425,3
2025-01-01,Tarda,11.3625,0.0,0.0,3.675,0
2025-01-02,Matí,6.05,0.0,0.0,11.1875,3
2025-01-02,Nit,4.5125,0.0,0.0,9.925,3
2025-01-02,Tarda,10.975,0.0,0.0,11.1875,3
2025-01-03,Matí,7.65,0.0,0.0,12.225,3
2025-01-03,Nit,6.8,0.0,0.0,11.362499999999999,3
2025-01-03,Tarda,11.1625,0.0,0.0,8.049999999999999,3
2025-01-04,Matí,7.5375,0.0,0.0,9.0875,3
2025-01-04,Nit,7.6,0.0,0.0,6.925,3
2025-01-04,Tarda,13.0875,0.0,0.0,6.625,1
2025-01-05,Matí,8.0125,0.0,0.0,10.1625,3
2025-01-05,Nit,7.65,0.0,0.0,7.1375,3
2025-01-05,Tarda,13.2125,0.0,0.0,12.6375,3
2025-01-06,Matí,12.075,0.0,0.0,9.0375,3
2025-01-06,Nit,9.8,1.2,1.2,8.1875,53
2025-01-06,Tarda,15.325,0.0,0.0,6.3375,3
2025-01-07,Matí,7.6375,0.0,0.0,11.1875,2
2025-01-07,Nit,10.05,0.4,0.4,9.2,51
2025-01-07,Tarda,12.525,0.0,0.0,14.525,1
2025-01-08,Matí,11.575,0.0,0.0,13.4,0
2025-01-08,Nit,10.625,0.0,0.0,11.475,3
2025-01-08,Tarda,15.7625,0.0,0.0,12.7,3
2025-01-09,Matí,13.5375,0.0,0.0,18.0,3
2025-01-09,Nit,13.05,0.0,0.0,12.3125,3
2025-01-09,Tarda,17.3,0.0,0.0,18.375,1
2025-01-10,Matí,9.8125,0.1,0.1,4.35,51
2025-01-10,Nit,10.45,0.0,0.0,4.45,3
2025-01-10,Tarda,16.875,0.0,0.0,8.6875,3
2025-01-11,Matí,12.9875,0.0,0.0,5.45,3
2025-01-11,Nit,12.975,0.0,0.0,10.1125,3
2025-01-11,Tarda,16.9125,0.0,0.0,10.3125,1
2025-01-12,Matí,7.8625,0.0,0.0,5.1125,0
2025-01-12,Nit,9.525,0.0,0.0,8.8875,0
2025-01-12,Tarda,11.525,0.0,0.0,9.4625,0
2025-01-13,Matí,3.1625,0.0,0.0,7.65,0
2025-01-13,Nit,4.2125,0.0,0.0,4.775,0
2025-01-13,Tarda,9.975,0.0,0.0,4.3125,0
2025-01-14,Matí,2.2375,0.0,0.0,9.3875,0
2025-01-14,Nit,2.5375,0.0,0.0,5.475,1
2025-01-14,Tarda,9.75,0.0,0.0,3.575,2
2025-01-15,Matí,2.15,0.0,0.0,8.075,0
2025-01-15,Nit,1.35,0.0,0.0,7.425,0
2025-01-15,Tarda,9.95,0.0,0.0,7.675,3
2025-01-16,Matí,4.275,0.0,0.0,6.8625,3
2025-01-16,Nit,3.5374999999999996,1.1,1.1,11.5125,53
2025-01-16,Tarda,10.2125,0.4,0.4,21.1875,51
2025-01-17,Matí,10.025,0.2,0.2,19.025,51
2025-01-17,Nit,7.8875,0.9,0.9,18.4875,51
2025-01-17,Tarda,11.975,0.0,0.0,13.6625,2
2025-01-18,Matí,3.875,0.0,0.0,7.125,3
2025-01-18,Nit,5.275,0.0,0.0,6.9625,3
2025-01-18,Tarda,12.0875,0.0,0.0,2.975,3
2025-01-19,Matí,7.9125,0.0,0.0,7.1125,3
2025-01-19,Nit,7.15,0.0,0.0,5.075,3
2025-01-19,Tarda,11.825,0.0,0.0,4.0125,3
2025-01-20,Matí,6.2625,0.0,0.0,4.525,3
2025-01-20,Nit,5.65,0.0,0.0,5.2125,3
2025-01-20,Tarda,12.525,0.0,0.0,7.825,3
2025-01-21,Matí,5.7125,0.0,0.0,7.15,3
2025-01-21,Nit,6.675,0.1,0.1,6.9375,51
2025-01-21,Tarda,12.2375,0.1,0.1,3.325,51
2025-01-22,Matí,8.0625,0.0,0.0,6.6125,2
2025-01-22,Nit,9.65,0.0,0.0,5.85,3
2025-01-22,Tarda,16.9,0.0,0.0,13.412500000000001,3
2025-01-23,Matí,11.3,0.0,0.0,7.175,3
2025-01-23,Nit,11.875,0.0,0.0,8.225,3
2025-01-23,Tarda,14.275,0.0,0.0,6.55,2
2025-01-24,Matí,9.1625,0.0,0.0,7.0375,3
2025-01-24,Nit,9.950000000000001,0.0,0.0,5.475,3
2025-01-24,Tarda,16.95,0.0,0.0,11.6875,3
2025-01-25,Matí,9.0375,0.0,0.0,5.975,2
2025-01-25,Nit,10.1375,0.0,0.0,6.175,2
2025-01-25,Tarda,16.4125,0.2,0.2,12.875,51
2025-01-26,Matí,9.75,0.0,0.0,5.6,3
2025-01-26,Nit,11.4125,0.0,0.0,8.425,3
2025-01-26,Tarda,14.8125,0.0,0.0,13.7125,3
2025-01-27,Matí,17.2875,0.7,0.7,24.9625,53
2025-01-27,Nit,14.037500000000001,0.0,0.0,15.575,3
2025-01-27,Tarda,18.475,0.1,0.1,20.1625,51
2025-01-28,Matí,12.1,0.0,0.0,19.7125,1
2025-01-28,Nit,13.4625,0.1,0.1,22.9,51
2025-01-28,Tarda,14.05,0.0,0.0,20.25,3
2025-01-29,Matí,10.4,0.0,0.0,13.9625,3
2025-01-29,Nit,10.5,0.0,0.0,15.0,3
2025-01-29,Tarda,13.85,0.0,0.0,14.125,3
2025-01-30,Matí,8.9875,0.0,0.0,8.975,2
2025-01-30,Nit,9.0,1.3,1.3,5.125,53
2025-01-30,Tarda,13.375,0.0,0.0,11.6125,0
2025-01-31,Matí,7.5125,0.0,0.0,7.5875,2
2025-01-31,Nit,7.625,3.2,3.2,6.2,63
2025-01-31,Tarda,13.375,0.0,0.0,9.4375,3
2025-02-01,Matí,8.4875,1.7,1.7,9.1,53
2025-02-01,Nit,7.0875,0.1,0.1,6.625,51
2025-02-01,Tarda,10.0125,0.5,0.5,5.7375,51
2025-02-02,Matí,7.0625,0.0,0.0,6.675,3
2025-02-02,Nit,6.7,0.0,0.0,5.7625,3
2025-02-02,Tarda,13.1875,0.0,0.0,4.225,3
2025-02-03,Matí,7.1125,0.0,0.0,7.8625,0
2025-02-03,Nit,7.4375,0.0,0.0,6.8875,3
2025-02-03,Tarda,13.975,0.0,0.0,5.3,0
2025-02-04,Matí,6.1625,0.0,0.0,6.95,0
2025-02-04,Nit,6.6125,0.0,0.0,6.7,0
2025-02-04,Tarda,13.925,0.0,0.0,7.2125,0
2025-02-05,Matí,7.7,0.0,0.0,5.7875,1
2025-02-05,Nit,6.2,0.0,0.0,6.1625,3
2025-02-05,Tarda,13.3125,0.0,0.0,6.4624999999999995,1
2025-02-06,Matí,6.45,0.0,0.0,5.9,1
2025-02-06,Nit,7.2875,0.0,0.0,4.95,3
2025-02-06,Tarda,12.4625,0.0,0.0,7.8,3
2025-02-07,Matí,7.85,0.2,0.2,3.8125,51
2025-02-07,Nit,8.737499999999999,0.30000000000000004,0.30000000000000004,6.6,51
2025-02-07,Tarda,12.6375,0.9,0.9,14.0375,53
2025-02-08,Matí,9.7625,3.3,3.3,10.1625,61
2025-02-08,Nit,10.1375,9.4,9.4,11.2125,63
2025-02-08,Tarda,9.85,0.30000000000000004,0.30000000000000004,9.4875,51
2025-02-09,Matí,4.8375,0.0,0.0,6.0375,3
2025-02-09,Nit,5.975,0.0,0.0,5.675,2
2025-02-09,Tarda,11.4,0.0,0.0,5.2125,3
2025-02-10,Matí,8.4,0.0,0.0,4.225,3
2025-02-10,Nit,7.8375,0.0,0.0,3.4375,3
2025-02-10,Tarda,13.4875,0.0,0.0,11.3875,3
2025-02-11,Matí,11.15,0.7000000000000001,0.7000000000000001,3.175,51
2025-02-11,Nit,10.125,0.1,0.1,2.425,51
2025-02-11,Tarda,13.4125,1.0,1.0,12.25,53
2025-02-12,Matí,8.5,0.1,0.1,4.0125,51
2025-02-12,Nit,8.4125,1.2,1.2,5.0,53
2025-02-12,Tarda,12.5875,7.8999999999999995,7.8999999999999995,8.3875,61
2025-02-13,Matí,10.0,0.0,0.0,6.025,3
2025-02-13,Nit,10.4125,0.6000000000000001,0.6000000000000001,4.375,51
2025-02-13,Tarda,13.65,0.1,0.1,8.5375,51
2025-02-14,Matí,8.325,0.0,0.0,5.1375,3
2025-02-14,Nit,8.4125,0.0,0.0,4.375,3
2025-02-14,Tarda,13.5375,0.0,0.0,5.3625,2
2025-02-15,Matí,10.5,0.1,0.1,8.375,51
2025-02-15,Nit,9.799999999999999,0.0,0.0,3.35,3
2025-02-15,Tarda,10.925,0.0,0.0,5.55,3
2025-02-16,Matí,8.5375,0.0,0.0,5.6375,3
2025-02-16,Nit,8.025,0.0,0.0,3.5125,3
2025-02-16,Tarda,14.0875,0.0,0.0,5.9624999999999995,3
2025-02-17,Matí,8.9125,0.0,0.0,4.7,1
2025-02-17,Nit,8.9875,0.0,0.0,3.4375,3
2025-02-17,Tarda,13.4,0.0,0.0,6.6875,3
2025-02-18,Matí,10.2375,0.0,0.0,4.2,3
2025-02-18,Nit,9.025,0.0,0.0,2.7125,3
2025-02-18,Tarda,13.7,0.0,0.0,6.7875,3
2025-02-19,Matí,9.4625,0.0,0.0,6.7625,3
2025-02-19,Nit,9.775,0.0,0.0,6.7,3
2025-02-19,Tarda,14.325000000000001,0.1,0.1,14.425,51
2025-02-20,Matí,12.299999999999999,0.0,0.0,6.025,3
2025-02-20,Nit,12.25,0.0,0.0,7.55,3
2025-02-20,Tarda,13.1125,0.0,0.0,5.8125,3
2025-02-21,Matí,12.6125,0.2,0.2,8.025,51
2025-02-21,Nit,12.375,0.0,0.0,4.3375,3
2025-02-21,Tarda,13.4125,0.1,0.1,11.875,51
2025-02-22,Matí,13.4875,1.0,1.0,9.799999999999999,51
2025-02-22,Nit,12.299999999999999,1.0,1.0,6.3625,51
2025-02-22,Tarda,13.5625,2.9000000000000004,2.9000000000000004,6.0,55
2025-02-23,Matí,11.25,1.2000000000000002,1.2000000000000002,2.475,51
2025-02-23,Nit,10.6875,0.1,0.1,3.175,51
2025-02-23,Tarda,13.6875,0.0,0.0,6.25,2
2025-02-24,Matí,8.8625,0.0,0.0,7.4625,3
2025-02-24,Nit,8.7625,0.0,0.0,3.95,3
2025-02-24,Tarda,14.7125,0.0,0.0,13.3625,3
2025-02-25,Matí,10.6375,0.0,0.0,7.6375,3
2025-02-25,Nit,9.2375,1.1,1.1,6.225,53
2025-02-25,Tarda,13.325,1.2000000000000002,1.2000000000000002,8.25,51
2025-02-26,Matí,8.45,0.0,0.0,5.6375,2
2025-02-26,Nit,9.6375,3.7,3.7,6.2625,63
2025-02-26,Tarda,12.2,0.0,0.0,7.2,0
2025-02-27,Matí,8.45,0.0,0.0,4.5625,3
2025-02-27,Nit,8.3,0.0,0.0,4.575,3
2025-02-27,Tarda,13.375,0.0,0.0,7.112500000000001,3
2025-02-28,Matí,9.9375,0.0,0.0,7.2125,2
2025-02-28,Nit,9.0,0.0,0.0,3.35,3
2025-02-28,Tarda,12.6875,0.0,0.0,11.075,3
2025-03-01,Matí,8.2625,0.0,0.0,4.7875,3
2025-03-01,Nit,7.8125,0.0,0.0,3.7625,3
2025-03-01,Tarda,12.65,0.0,0.0,11.075,3
2025-03-02,Matí,10.85,0.0,0.0,13.2875,3
2025-03-02,Nit,9.675,0.0,0.0,8.8375,3
2025-03-02,Tarda,13.775,0.0,0.0,22.912499999999998,3
2025-03-03,Matí,12.075,2.1999999999999997,2.1999999999999997,18.575,61
2025-03-03,Nit,11.8375,0.0,0.0,18.725,3
2025-03-03,Tarda,12.85,6.9,6.9,19.0875,63
2025-03-04,Matí,13.2,0.1,0.1,17.1125,51
2025-03-04,Nit,12.174999999999999,0.2,0.2,16.3625,51
2025-03-04,Tarda,14.8375,0.0,0.0,18.0625,1
2025-03-05,Matí,12.225,0.0,0.0,14.875,0
2025-03-05,Nit,11.6,0.0,0.0,12.7625,3
2025-03-05,Tarda,14.5125,0.0,0.0,20.4875,3
2025-03-06,Matí,12.4625,2.3,2.3,17.9,53
2025-03-06,Nit,11.85,3.3,3.3,17.4375,61
2025-03-06,Tarda,13.2125,4.3,4.3,21.25,61
2025-03-07,Matí,12.5625,0.8,0.8,17.45,51
2025-03-07,Nit,11.9,8.5,8.5,18.125,61
2025-03-07,Tarda,13.2625,2.9,2.9,16.35,61
2025-03-08,Matí,13.15,2.0,2.0,7.275,55
2025-03-08,Nit,13.1375,4.5,4.5,17.6125,55
2025-03-08,Tarda,14.325,0.6000000000000001,0.6000000000000001,17.3625,51
2025-03-09,Matí,13.8375,5.9,5.9,17.275,63
2025-03-09,Nit,12.7625,9.1,9.1,15.375,63
2025-03-09,Tarda,14.125,0.0,0.0,11.0,3
2025-03-10,Matí,9.325,0.9,0.9,3.8625,53
2025-03-10,Nit,9.3125,0.0,0.0,3.0875,3
2025-03-10,Tarda,13.35,0.3,0.3,7.575,51
2025-03-11,Matí,10.2375,2.7,2.7,3.9875,61
2025-03-11,Nit,9.0125,0.2,0.2,4.3875,51
2025-03-11,Tarda,14.2875,1.3,1.3,9.95,53
2025-03-12,Matí,10.575,5.2,5.2,6.375,63
2025-03-12,Nit,9.9375,0.2,0.2,3.7,51
2025-03-12,Tarda,13.725,0.5,0.5,7.9,51
2025-03-13,Matí,9.775,2.4,2.4,5.6625,61
2025-03-13,Nit,8.175,3.6,3.6,7.2749999999999995,61
2025-03-13,Tarda,11.7125,1.5,1.5,16.7125,53
2025-03-14,Matí,8.65,1.3,1.3,4.4,55
2025-03-14,Nit,8.35,8.9,8.9,5.1875,61
2025-03-14,Tarda,9.3875,5.5,5.5,4.95,61
2025-03-15,Matí,9.0875,0.30000000000000004,0.30000000000000004,7.875,51
2025-03-15,Nit,8.1125,0.9,0.9,5.925,51
2025-03-15,Tarda,11.9875,0.2,0.2,12.174999999999999,51
2025-03-16,Matí,7.0874999999999995,0.0,0.0,5.5,2
2025-03-16,Nit,6.475,0.30000000000000004,0.30000000000000004,5.3625,51
2025-03-16,Tarda,11.0375,3.0999999999999996,3.0999999999999996,7.9,61
2025-03-17,Matí,8.65,0.7,0.7,4.525,53
2025-03-17,Nit,7.5875,0.2,0.2,3.1625,51
2025-03-17,Tarda,10.9875,0.0,0.0,7.9375,3
2025-03-18,Matí,8.6375,0.0,0.0,9.9,3
2025-03-18,Nit,7.775,0.4,0.4,6.3375,51
2025-03-18,Tarda,13.3625,0.0,0.0,17.175,3
2025-03-19,Matí,12.6875,9.4,9.4,17.55,61
2025-03-19,Nit,12.075,2.5999999999999996,2.5999999999999996,14.4125,61
2025-03-19,Tarda,13.4,8.8,8.8,17.9875,63
2025-03-20,Matí,13.45,0.0,0.0,18.225,3
2025-03-20,Nit,13.275,3.0,3.0,16.8,61
2025-03-20,Tarda,14.95,0.0,0.0,24.225,3
2025-03-21,Matí,14.8625,2.7,2.7,19.8625,55
2025-03-21,Nit,13.4875,0.0,0.0,17.3875,3
2025-03-21,Tarda,14.3125,4.1,4.1,13.25,61
2025-03-22,Matí,11.7875,0.6,0.6,4.9375,53
2025-03-22,Nit,10.1875,0.0,0.0,4.625,1
2025-03-22,Tarda,14.8875,0.8,0.8,13.875,53
2025-03-23,Matí,10.9875,9.7,9.7,16.25,63
2025-03-23,Nit,8.9125,3.4,3.4,4.4375,63
2025-03-23,Tarda,11.9375,0.9,0.9,7.9125000000000005,51
2025-03-24,Matí,9.85,0.1,0.1,4.65,51
2025-03-24,Nit,8.1,0.2,0.2,3.7,51
2025-03-24,Tarda,12.675,4.0,4.0,6.0875,63
2025-03-25,Matí,10.4125,0.0,0.0,5.65,1
2025-03-25,Nit,9.75,0.1,0.1,3.45,51
2025-03-25,Tarda,15.2,0.1,0.1,6.425,51
2025-03-26,Matí,11.175,0.0,0.0,6.45,3
2025-03-26,Nit,9.875,0.0,0.0,4.3500000000000005,3
2025-03-26,Tarda,14.575,0.1,0.1,6.525,51
2025-03-27,Matí,11.425,0.0,0.0,5.925000000000001,3
2025-03-27,Nit,11.2125,0.0,0.0,5.0375,3
2025-03-27,Tarda,14.3875,0.1,0.1,8.975,51
2025-03-28,Matí,12.0,0.1,0.1,5.65,51
2025-03-28,Nit,11.0,0.6,0.6,4.025,53
2025-03-28,Tarda,14.875,0.4,0.4,8.2875,51
2025-03-29,Matí,12.4,0.0,0.0,14.7625,1
2025-03-29,Nit,9.8625,0.0,0.0,8.3875,3
2025-03-29,Tarda,15.4875,0.0,0.0,18.1875,2
2025-03-30,Matí,10.6625,0.0,0.0,13.6375,2
2025-03-30,Nit,9.375,0.0,0.0,10.05,0
2025-03-30,Tarda,16.725,0.0,0.0,8.125,1
2025-03-31,Matí,12.0375,0.0,0.0,7.0625,0
2025-03-31,Nit,11.3875,0.0,0.0,6.7625,0
2025-03-31,Tarda,15.8375,0.0,0.0,5.9125,0
2025-04-01,Matí,12.3,0.0,0.0,3.625,0
2025-04-01,Nit,10.1625,0.0,0.0,5.825,2
2025-04-01,Tarda,15.0125,0.0,0.0,10.1625,0
2025-04-02,Matí,13.4875,0.1,0.1,15.0,51
2025-04-02,Nit,12.7875,0.6,0.6,11.225,51
2025-04-02,Tarda,13.1,1.4,1.4,13.2375,53
2025-04-03,Matí,13.525,0.0,0.0,13.6875,3
2025-04-03,Nit,12.4375,0.1,0.1,12.5125,51
2025-04-03,Tarda,15.425,0.0,0.0,20.125,3
2025-04-04,Matí,15.5375,0.0,0.0,23.0375,3
2025-04-04,Nit,13.8125,0.0,0.0,16.5,3
2025-04-04,Tarda,16.475,0.0,0.0,21.5625,3
2025-04-05,Matí,15.6625,0.0,0.0,5.1625,3
2025-04-05,Nit,13.95,0.0,0.0,7.525,3
2025-04-05,Tarda,15.9875,0.3,0.3,8.4125,51
2025-04-06,Matí,15.5875,0.0,0.0,9.6,0
2025-04-06,Nit,12.85,0.0,0.0,5.6,3
2025-04-06,Tarda,22.3875,0.0,0.0,11.3875,1
2025-04-07,Matí,15.7125,0.0,0.0,6.6875,0
2025-04-07,Nit,13.225,0.0,0.0,4.6,0
2025-04-07,Tarda,16.1375,0.0,0.0,8.45,1
2025-04-08,Matí,13.35,0.0,0.0,4.75,0
2025-04-08,Nit,11.8125,0.0,0.0,2.7875,0
2025-04-08,Tarda,16.5,0.0,0.0,9.7625,1
2025-04-09,Matí,13.325,0.0,0.0,4.95,3
2025-04-09,Nit,11.725,0.0,0.0,1.825,3
2025-04-09,Tarda,16.6625,0.0,0.0,10.95,3
2025-04-10,Matí,14.875,0.1,0.1,9.5875,51
2025-04-10,Nit,13.125,0.0,0.0,3.6125,3
2025-04-10,Tarda,16.1375,0.0,0.0,7.4875,1
2025-04-11,Matí,12.675,0.0,0.0,5.137499999999999,3
2025-04-11,Nit,11.7375,2.0,2.0,3.4875,61
2025-04-11,Tarda,16.075,0.4,0.4,6.7625,51
2025-04-12,Matí,13.95,0.0,0.0,4.475,3
2025-04-12,Nit,12.5125,0.1,0.1,3.2375000000000003,51
2025-04-12,Tarda,17.15,0.0,0.0,8.0625,3
2025-04-13,Matí,14.7875,0.0,0.0,4.4625,3
2025-04-13,Nit,13.9,0.0,0.0,3.05,3
2025-04-13,Tarda,16.975,0.0,0.0,6.85,3
2025-04-14,Matí,15.3875,0.1,0.1,4.1375,51
2025-04-14,Nit,14.2375,0.0,0.0,4.2125,3
2025-04-14,Tarda,16.5125,0.0,0.0,9.25,3
2025-04-15,Matí,16.0,0.4,0.4,4.575,51
2025-04-15,Nit,14.4125,0.0,0.0,3.7375,3
2025-04-15,Tarda,17.05,0.5,0.5,12.8625,51
2025-04-16,Matí,11.6,3.5,3.5,7.4125,61
2025-04-16,Nit,10.8125,2.5,2.5,6.125,61
2025-04-16,Tarda,14.275,1.3,1.3,6.95,53
2025-04-17,Matí,11.4625,0.0,0.0,8.0625,0
2025-04-17,Nit,9.925,0.0,0.0,6.1625,0
2025-04-17,Tarda,17.3125,0.0,0.0,11.412500000000001,1
2025-04-18,Matí,13.2375,0.0,0.0,7.125,3
2025-04-18,Nit,11.575,0.0,0.0,4.825,3
2025-04-18,Tarda,17.25,0.0,0.0,10.575,3
2025-04-19,Matí,15.85,1.0,1.0,9.3375,53
2025-04-19,Nit,13.5125,0.0,0.0,3.5250000000000004,3
2025-04-19,Tarda,16.9875,0.1,0.1,15.5625,51
2025-04-20,Matí,12.3625,0.0,0.0,4.5125,1
2025-04-20,Nit,10.45,0.0,0.0,4.8,3
2025-04-20,Tarda,16.3875,0.0,0.0,14.5875,1
2025-04-21,Matí,13.575,0.0,0.0,6.3125,2
2025-04-21,Nit,11.4875,0.0,0.0,4.325,3
2025-04-21,Tarda,16.625,0.2,0.2,14.75,51
2025-04-22,Matí,14.475000000000001,0.0,0.0,4.2625,3
2025-04-22,Nit,12.7625,0.0,0.0,2.5875,3
2025-04-22,Tarda,18.525,0.0,0.0,10.8375,3
2025-04-23,Matí,14.725,0.0,0.0,5.525,3
2025-04-23,Nit,13.125,0.0,0.0,3.1125,1
2025-04-23,Tarda,17.8125,0.0,0.0,15.225,3
2025-04-24,Matí,14.775,0.2,0.2,8.0625,51
2025-04-24,Nit,13.0875,0.0,0.0,3.3625,0
2025-04-24,Tarda,17.0875,0.0,0.0,9.85,2
2025-04-25,Matí,14.524999999999999,0.0,0.0,5.1125,3
2025-04-25,Nit,13.925,0.0,0.0,2.825,3
2025-04-25,Tarda,18.375,0.0,0.0,10.725,3
2025-04-26,Matí,16.3,0.30000000000000004,0.30000000000000004,8.0,51
2025-04-26,Nit,14.225,4.8,4.8,3.375,63
2025-04-26,Tarda,16.6375,3.5,3.5,7.9875,61
2025-04-27,Matí,14.025,0.0,0.0,4.7,3
2025-04-27,Nit,13.2125,7.5,7.5,5.5874999999999995,63
2025-04-27,Tarda,17.5,0.2,0.2,5.025,51
2025-04-28,Matí,15.8125,0.0,0.0,6.6625,1
2025-04-28,Nit,13.4,0.0,0.0,4.7124999999999995,1
2025-04-28,Tarda,18.3625,0.0,0.0,7.625,1
2025-04-29,Matí,15.0625,0.0,0.0,6.3125,0
2025-04-29,Nit,13.4375,0.0,0.0,4.5125,0
2025-04-29,Tarda,18.3125,0.0,0.0,9.4,0
2025-04-30,Matí,16.0625,0.0,0.0,10.725,2
2025-04-30,Nit,14.6375,0.0,0.0,7.6375,3
2025-04-30,Tarda,19.4,0.0,0.0,14.175,1
2025-05-01,Matí,17.525,0.0,0.0,10.1625,3
2025-05-01,Nit,15.3,0.3,0.3,8.25,51
2025-05-01,Tarda,20.7125,0.3,0.3,17.6375,51
2025-05-02,Matí,17.6625,12.0,12.0,12.85,65
2025-05-02,Nit,16.8875,0.0,0.0,10.025,3
2025-05-02,Tarda,18.6,0.0,0.0,16.425,3
2025-05-03,Matí,18.3375,0.0,0.0,5.425,3
2025-05-03,Nit,17.025,0.2,0.2,6.4375,51
2025-05-03,Tarda,21.3625,0.0,0.0,9.175,1
2025-05-04,Matí,18.175,0.1,0.1,6.225,51
2025-05-04,Nit,17.0375,3.1,3.1,4.125,63
2025-05-04,Tarda,20.2,0.4,0.4,10.925,51
2025-05-05,Matí,16.0,2.0,2.0,3.825,61
2025-05-05,Nit,14.5,1.2000000000000002,1.2000000000000002,4.5,53
2025-05-05,Tarda,16.9375,4.5,4.5,5.125,63
2025-05-06,Matí,12.625,2.5,2.5,6.5375,53
2025-05-06,Nit,12.85,17.3,17.3,6.449999999999999,63
2025-05-06,Tarda,14.6125,1.2,1.2,11.575000000000001,51
2025-05-07,Matí,12.8,0.30000000000000004,0.30000000000000004,6.0,51
2025-05-07,Nit,11.075,0.4,0.4,2.35,51
2025-05-07,Tarda,16.775,0.4,0.4,11.025,51
2025-05-08,Matí,14.2125,0.0,0.0,4.8625,3
2025-05-08,Nit,12.425,0.0,0.0,2.775,3
2025-05-08,Tarda,17.9375,0.0,0.0,11.1125,3
2025-05-09,Matí,14.6625,3.0,3.0,5.112500000000001,55
2025-05-09,Nit,14.4125,2.0,2.0,2.5625,53
2025-05-09,Tarda,16.7,1.0,1.0,8.5375,51
2025-05-10,Matí,15.9375,0.2,0.2,7.275,51
2025-05-10,Nit,14.45,2.3,2.3,5.2625,61
2025-05-10,Tarda,18.2625,2.2,2.2,14.475,53
2025-05-11,Matí,17.6125,0.0,0.0,6.3125,3
2025-05-11,Nit,15.775,1.8,1.8,4.85,53
2025-05-11,Tarda,18.8625,0.6000000000000001,0.6000000000000001,10.5,51
2025-05-12,Matí,15.45,0.0,0.0,4.7375,1
2025-05-12,Nit,13.8875,0.0,0.0,3.1375,0
2025-05-12,Tarda,17.475,7.8,7.8,8.6375,63
2025-05-13,Matí,15.2,0.0,0.0,5.075,1
2025-05-13,Nit,13.6125,0.0,0.0,2.975,3
2025-05-13,Tarda,19.625,0.4,0.4,7.125,51
2025-05-14,Matí,15.7875,0.0,0.0,7.375,3
2025-05-14,Nit,14.55,0.0,0.0,3.3625,3
2025-05-14,Tarda,18.8875,0.2,0.2,9.1875,51
2025-05-15,Matí,16.475,0.0,0.0,4.4625,3
2025-05-15,Nit,14.4,0.0,0.0,3.575,3
2025-05-15,Tarda,20.925,2.7,2.7,7.5,63
2025-05-16,Matí,17.4125,0.0,0.0,11.0,0
2025-05-16,Nit,15.525,0.0,0.0,6.1125,0
2025-05-16,Tarda,19.9875,0.0,0.0,13.4375,1
2025-05-17,Matí,17.3125,0.0,0.0,5.3375,1
2025-05-17,Nit,15.425,0.0,0.0,4.1125,1
2025-05-17,Tarda,21.025000000000002,0.0,0.0,12.6,1
2025-05-18,Matí,17.9,0.0,0.0,7.050000000000001,2
2025-05-18,Nit,15.4625,0.0,0.0,3.475,2
2025-05-18,Tarda,22.4125,0.0,0.0,14.8,3
2025-05-19,Matí,18.925,0.0,0.0,5.95,3
2025-05-19,Nit,16.1625,0.0,0.0,4.7625,1
2025-05-19,Tarda,21.6125,0.0,0.0,11.1625,3
2025-05-20,Matí,18.0625,0.0,0.0,5.1125,2
2025-05-20,Nit,16.725,0.0,0.0,8.1,3
2025-05-20,Tarda,21.2375,0.0,0.0,11.8125,1
2025-05-21,Matí,18.0375,0.0,0.0,6.3375,3
2025-05-21,Nit,16.375,0.0,0.0,4.0375000000000005,3
2025-05-21,Tarda,22.1625,0.0,0.0,10.9375,3
2025-05-22,Matí,17.3,1.5,1.5,10.8875,53
2025-05-22,Nit,16.787499999999998,0.0,0.0,3.925,3
2025-05-22,Tarda,18.425,0.1,0.1,11.7125,51
2025-05-23,Matí,17.65,0.2,0.2,6.2,51
2025-05-23,Nit,15.6125,0.0,0.0,2.4,3
2025-05-23,Tarda,21.175,0.3,0.3,11.775,51
2025-05-24,Matí,17.3125,0.1,0.1,7.55,51
2025-05-24,Nit,15.675,0.0,0.0,3.0625,2
2025-05-24,Tarda,20.5125,0.0,0.0,14.45,1
2025-05-25,Matí,17.8125,0.0,0.0,5.475,3
2025-05-25,Nit,16.4,0.0,0.0,2.6625,3
2025-05-25,Tarda,22.3375,0.0,0.0,9.7625,3
2025-05-26,Matí,19.1125,0.0,0.0,7.2375,2
2025-05-26,Nit,17.4125,0.0,0.0,2.1750000000000003,3
2025-05-26,Tarda,21.1375,0.1,0.1,12.775,51
2025-05-27,Matí,18.8375,0.2,0.2,6.637499999999999,51
2025-05-27,Nit,17.337500000000002,0.0,0.0,2.3625,0
2025-05-27,Tarda,21.5125,0.0,0.0,12.9875,3
2025-05-28,Matí,20.125,0.0,0.0,6.175,1
2025-05-28,Nit,17.975,0.0,0.0,2.825,1
2025-05-28,Tarda,24.0875,0.0,0.0,10.1125,2
2025-05-29,Matí,21.3,0.0,0.0,5.9125,3
2025-05-29,Nit,19.5875,0.0,0.0,1.75,2
2025-05-29,Tarda,24.0875,0.0,0.0,10.5125,0
2025-05-30,Matí,22.8625,0.0,0.0,5.95,0
2025-05-30,Nit,20.625,0.0,0.0,3.8,0
2025-05-30,Tarda,27.25,0.0,0.0,11.8125,0
2025-05-31,Matí,22.325,0.0,0.0,5.825,0
2025-05-31,Nit,21.1875,0.0,0.0,4.325,3
2025-05-31,Tarda,25.3625,0.0,0.0,9.1875,3
2025-06-01,Matí,23.425,0.0,0.0,7.575,2
2025-06-01,Nit,21.4625,0.0,0.0,5.4875,3
2025-06-01,Tarda,27.05,0.0,0.0,13.8625,3
2025-06-02,Matí,22.95,0.0,0.0,7.762499999999999,3
2025-06-02,Nit,21.6,0.0,0.0,5.7875,3
2025-06-02,Tarda,24.4375,0.0,0.0,16.6,3
2025-06-03,Matí,23.0125,0.0,0.0,10.025,3
2025-06-03,Nit,20.2,0.0,0.0,5.9125,3
2025-06-03,Tarda,23.6,0.0,0.0,14.9375,3
2025-06-04,Matí,23.0875,0.0,0.0,7.0875,2
2025-06-04,Nit,20.2,0.1,0.1,3.6875,51
2025-06-04,Tarda,26.0,0.0,0.0,16.0625,3
2025-06-05,Matí,21.475,0.0,0.0,6.65,3
2025-06-05,Nit,20.1875,0.0,0.0,5.9,3
2025-06-05,Tarda,23.45,0.0,0.0,12.6875,3
2025-06-06,Matí,21.85,0.0,0.0,6.45,3
2025-06-06,Nit,20.6375,0.0,0.0,3.525,3
2025-06-06,Tarda,25.1,0.0,0.0,11.8625,3
2025-06-07,Matí,22.025,0.0,0.0,6.175,3
2025-06-07,Nit,20.2125,0.0,0.0,3.325,0
2025-06-07,Tarda,23.9875,0.1,0.1,11.9375,51
2025-06-08,Matí,22.275,0.0,0.0,7.5875,3
2025-06-08,Nit,20.6625,0.0,0.0,2.0875,0
2025-06-08,Tarda,23.3375,0.0,0.0,14.3625,3
2025-06-09,Matí,22.175,0.0,0.0,6.1375,0
2025-06-09,Nit,20.3,0.0,0.0,4.4875,3
2025-06-09,Tarda,24.8375,0.0,0.0,14.3125,3
2025-06-10,Matí,24.05,0.0,0.0,6.2875,3
2025-06-10,Nit,22.4125,0.0,0.0,4.6875,3
2025-06-10,Tarda,27.875,0.0,0.0,11.525,3
2025-06-11,Matí,25.9375,0.0,0.0,7.3375,3
2025-06-11,Nit,23.5625,0.0,0.0,4.2875,3
2025-06-11,Tarda,31.3125,0.0,0.0,14.125,3
2025-06-12,Matí,24.675,0.0,0.0,7.1875,3
2025-06-12,Nit,23.0375,0.0,0.0,5.6,3
2025-06-12,Tarda,26.5375,0.0,0.0,11.775,3
2025-06-13,Matí,23.8125,0.0,0.0,11.35,3
2025-06-13,Nit,22.6,0.0,0.0,5.475,3
2025-06-13,Tarda,26.8375,0.0,0.0,10.3,3
2025-06-14,Matí,24.6625,0.0,0.0,8.2125,3
2025-06-14,Nit,22.9875,0.0,0.0,2.4625,3
2025-06-14,Tarda,27.9625,0.0,0.0,9.2375,3
2025-06-15,Matí,25.075,0.0,0.0,8.125,2
2025-06-15,Nit,23.2375,0.0,0.0,5.5375,3
2025-06-15,Tarda,27.2375,0.0,0.0,12.4375,3
2025-06-16,Matí,23.775,0.0,0.0,9.975,0
2025-06-16,Nit,22.55,0.0,0.0,3.55,3
2025-06-16,Tarda,25.8875,0.0,0.0,14.525,1
2025-06-17,Matí,24.575,0.0,0.0,5.45,0
2025-06-17,Nit,22.575,0.0,0.0,1.9625,1
2025-06-17,Tarda,26.825,0.0,0.0,10.75,1
2025-06-18,Matí,25.225,0.0,0.0,6.4625,0
2025-06-18,Nit,22.9625,0.0,0.0,2.3125,0
2025-06-18,Tarda,27.3125,0.0,0.0,10.5625,0
2025-06-19,Matí,25.275,0.0,0.0,5.85,3
2025-06-19,Nit,23.9375,0.0,0.0,4.7875,2
2025-06-19,Tarda,28.825,0.0,0.0,13.35,3
2025-06-20,Matí,26.75,0.0,0.0,7.375,2
2025-06-20,Nit,24.650000000000002,0.0,0.0,5.1,3
2025-06-20,Tarda,30.2375,0.0,0.0,14.375,3
2025-06-21,Matí,27.650000000000002,0.0,0.0,8.8,0
2025-06-21,Nit,25.3125,0.0,0.0,6.0625,1
2025-06-21,Tarda,30.6375,0.0,0.0,14.5375,3
2025-06-22,Matí,27.0125,0.0,0.0,8.0875,0
2025-06-22,Nit,25.425,0.0,0.0,5.65,3
2025-06-22,Tarda,30.7375,0.0,0.0,13.9875,3
2025-06-23,Matí,26.475,0.0,0.0,5.7,0
2025-06-23,Nit,25.9625,0.0,0.0,6.925,3
2025-06-23,Tarda,30.4375,0.0,0.0,13.2,3
2025-06-24,Matí,27.45,0.0,0.0,6.35,0
2025-06-24,Nit,25.6,0.0,0.0,3.3875,2
2025-06-24,Tarda,32.075,0.0,0.0,13.6625,0
2025-06-25,Matí,27.95,0.0,0.0,6.4375,0
2025-06-25,Nit,25.4,0.0,0.0,4.9375,2
2025-06-25,Tarda,30.1875,0.0,0.0,11.737499999999999,3
2025-06-26,Matí,27.224999999999998,0.0,0.0,6.6,1
2025-06-26,Nit,25.7625,0.0,0.0,8.4,1
2025-06-26,Tarda,29.1875,0.1,0.1,12.675,51
2025-06-27,Matí,27.0625,0.0,0.0,6.1875,0
2025-06-27,Nit,25.3625,0.0,0.0,4.55,0
2025-06-27,Tarda,30.15,0.0,0.0,15.5875,3
2025-06-28,Matí,27.9,0.0,0.0,6.65,0
2025-06-28,Nit,26.0875,0.0,0.0,4.2625,0
2025-06-28,Tarda,30.8625,0.0,0.0,11.1625,0
2025-06-29,Matí,29.3,0.0,0.0,7.050000000000001,0
2025-06-29,Nit,26.725,0.0,0.0,3.6125,0
2025-06-29,Tarda,31.2125,0.0,0.0,10.8875,0
2025-06-30,Matí,28.8,0.0,0.0,6.375,0
2025-06-30,Nit,27.8375,0.0,0.0,4.8625,0
2025-06-30,Tarda,33.6875,0.0,0.0,10.975,0
2025-07-01,Matí,28.925,0.0,0.0,5.9125,0
2025-07-01,Nit,27.975,0.0,0.0,2.9,0
2025-07-01,Tarda,31.375,0.0,0.0,9.3125,3
2025-07-02,Matí,27.1375,0.0,0.0,6.2625,1
2025-07-02,Nit,26.55,0.0,0.0,3.1,0
2025-07-02,Tarda,30.075,0.0,0.0,9.7375,2
2025-07-03,Matí,28.5,0.0,0.0,6.1625,1
2025-07-03,Nit,26.6,0.0,0.0,3.8375,3
2025-07-03,Tarda,31.95,0.5,0.5,12.55,53
2025-07-04,Matí,27.7,0.0,0.0,6.7,0
2025-07-04,Nit,26.6875,0.0,0.0,4.3,1
2025-07-04,Tarda,31.0125,0.0,0.0,13.925,1
2025-07-05,Matí,28.4875,0.0,0.0,7.075,2
2025-07-05,Nit,26.825,0.0,0.0,4.05,1
2025-07-05,Tarda,30.35,2.6,2.6,8.525,63
2025-07-06,Matí,26.9875,0.2,0.2,5.6125,51
2025-07-06,Nit,25.225,0.1,0.1,4.5375,51
2025-07-06,Tarda,27.675,2.5,2.5,12.575,61
2025-07-07,Matí,24.4625,0.5,0.5,9.5,51
2025-07-07,Nit,22.7875,2.7,2.7,5.987500000000001,61
2025-07-07,Tarda,25.8625,2.7,2.7,17.625,53
2025-07-08,Matí,22.325,0.3,0.3,7.45,51
2025-07-08,Nit,21.725,2.8,2.8,6.625,61
2025-07-08,Tarda,25.3125,0.1,0.1,17.6,51
2025-07-09,Matí,23.5875,0.0,0.0,6.275,3
2025-07-09,Nit,23.4,0.0,0.0,4.1125,3
2025-07-09,Tarda,26.5375,0.0,0.0,14.625,3
2025-07-10,Matí,24.4875,0.5,0.5,6.6375,51
2025-07-10,Nit,24.1,0.0,0.0,5.3875,3
2025-07-10,Tarda,26.3875,0.0,0.0,10.8375,3
2025-07-11,Matí,25.4125,1.3,1.3,6.95,53
2025-07-11,Nit,23.712500000000002,0.0,0.0,4.3375,3
2025-07-11,Tarda,27.775,1.0,1.0,12.2875,51
2025-07-12,Matí,22.725,3.3,3.3,9.4375,61
2025-07-12,Nit,22.9375,4.0,4.0,6.05,63
2025-07-12,Tarda,21.9125,23.8,23.8,11.9625,65
2025-07-13,Matí,21.8375,0.0,0.0,5.574999999999999,1
2025-07-13,Nit,20.3125,0.0,0.0,2.3125,3
2025-07-13,Tarda,25.8875,0.0,0.0,10.925,1
2025-07-14,Matí,24.5,0.0,0.0,5.5875,0
2025-07-14,Nit,22.325,0.0,0.0,4.3375,0
2025-07-14,Tarda,27.9875,0.0,0.0,10.9,1
2025-07-15,Matí,25.2875,0.0,0.0,6.675,0
2025-07-15,Nit,23.0375,0.0,0.0,2.8875,0
2025-07-15,Tarda,28.5625,0.0,0.0,11.2875,1
2025-07-16,Matí,25.7,0.0,0.0,4.125,3
2025-07-16,Nit,24.7,0.0,0.0,3.7125000000000004,0
2025-07-16,Tarda,29.5125,0.0,0.0,14.1125,0
2025-07-17,Matí,26.7625,0.0,0.0,6.262499999999999,0
2025-07-17,Nit,25.6125,0.0,0.0,3.3875,0
2025-07-17,Tarda,29.7875,0.0,0.0,14.025,1
2025-07-18,Matí,26.9125,0.0,0.0,5.7125,0
2025-07-18,Nit,25.75,0.0,0.0,5.375,3
2025-07-18,Tarda,29.15,0.0,0.0,12.3,2
2025-07-19,Matí,27.25,0.2,0.2,8.8,51
2025-07-19,Nit,25.925,0.0,0.0,4.275,3
2025-07-19,Tarda,27.3625,0.0,0.0,12.9,2
2025-07-20,Matí,27.075,0.6,0.6,10.2875,51
2025-07-20,Nit,25.175,0.0,0.0,4.225,3
2025-07-20,Tarda,29.6,0.0,0.0,15.875,1
2025-07-21,Matí,25.3875,0.1,0.1,8.7,51
2025-07-21,Nit,25.1,0.0,0.0,8.2125,2
2025-07-21,Tarda,26.6125,0.0,0.0,12.875,1
2025-07-22,Matí,24.6,0.1,0.1,8.25,51
2025-07-22,Nit,23.475,0.0,0.0,4.9875,1
2025-07-22,Tarda,27.7375,0.1,0.1,16.75,51
2025-07-23,Matí,24.0875,8.0,8.0,4.0875,63
2025-07-23,Nit,23.625,15.0,15.0,4.6125,65
2025-07-23,Tarda,25.6375,7.0,7.0,7.75,63
2025-07-24,Matí,21.425,10.6,10.6,4.8375,63
2025-07-24,Nit,20.5875,21.4,21.4,6.1875,65
2025-07-24,Tarda,21.9625,0.4,0.4,7.1,51
2025-07-25,Matí,21.8,0.0,0.0,4.325,3
2025-07-25,Nit,19.9875,0.1,0.1,5.5875,51
2025-07-25,Tarda,24.1125,1.9000000000000001,1.9000000000000001,13.3,55
2025-07-26,Matí,21.575,0.0,0.0,3.6875,0
2025-07-26,Nit,19.9125,9.1,9.1,3.5875,63
2025-07-26,Tarda,25.8375,0.0,0.0,11.475,1
2025-07-27,Matí,22.8375,0.0,0.0,4.875,3
2025-07-27,Nit,21.2875,0.0,0.0,4.7625,0
2025-07-27,Tarda,25.925,0.0,0.0,11.1875,3
2025-07-28,Matí,23.2125,0.4,0.4,7.675,51
2025-07-28,Nit,22.3625,0.0,0.0,4.45,3
2025-07-28,Tarda,24.775,0.8,0.8,8.5,51
2025-07-29,Matí,22.55,0.7,0.7,5.525,51
2025-07-29,Nit,21.5125,0.5,0.5,6.2375,51
2025-07-29,Tarda,24.75,0.3,0.3,11.5375,51
2025-07-30,Matí,22.3875,0.30000000000000004,0.30000000000000004,10.625,51
2025-07-30,Nit,21.5875,1.1,1.1,4.675,51
2025-07-30,Tarda,25.1125,0.1,0.1,8.525,51
2025-07-31,Matí,23.1625,0.2,0.2,5.2,51
2025-07-31,Nit,21.25,0.0,0.0,3.9125,1
2025-07-31,Tarda,26.85,0.0,0.0,14.8625,0
2025-08-01,Matí,23.65,0.30000000000000004,0.30000000000000004,6.0875,51
2025-08-01,Nit,22.1375,0.0,0.0,3.2875,3
2025-08-01,Tarda,26.9125,0.1,0.1,13.1,51
2025-08-02,Matí,23.4125,1.0,1.0,4.8,51
2025-08-02,Nit,22.875,0.1,0.1,2.9625,51
2025-08-02,Tarda,26.3125,0.5,0.5,11.4625,51
2025-08-03,Matí,23.25,0.30000000000000004,0.30000000000000004,4.9,51
2025-08-03,Nit,22.075,0.30000000000000004,0.30000000000000004,3.825,51
2025-08-03,Tarda,25.9125,0.0,0.0,13.125,1
2025-08-04,Matí,24.6875,0.0,0.0,6.262499999999999,3
2025-08-04,Nit,22.35,0.0,0.0,5.1125,0
2025-08-04,Tarda,28.2125,0.1,0.1,16.1,51
2025-08-05,Matí,25.1875,0.0,0.0,5.8125,0
2025-08-05,Nit,23.6625,0.0,0.0,3.3375,0
2025-08-05,Tarda,28.7125,0.0,0.0,8.45,1
2025-08-06,Matí,24.6375,0.0,0.0,8.0125,3
2025-08-06,Nit,23.35,0.0,0.0,3.375,3
2025-08-06,Tarda,27.1875,0.0,0.0,12.725,3
2025-08-07,Matí,24.575,0.0,0.0,5.425,2
2025-08-07,Nit,23.05,0.0,0.0,2.2875,3
2025-08-07,Tarda,27.725,0.0,0.0,9.9125,0
2025-08-08,Matí,24.15,0.0,0.0,4.7,1
2025-08-08,Nit,23.0,0.0,0.0,2.375,1
2025-08-08,Tarda,28.225,0.0,0.0,8.95,1
2025-08-09,Matí,25.075,0.0,0.0,6.2,1
2025-08-09,Nit,23.8125,0.0,0.0,2.3875,1
2025-08-09,Tarda,28.1875,0.0,0.0,8.6875,0
2025-08-10,Matí,26.45,0.0,0.0,4.3375,0
2025-08-10,Nit,25.225,0.0,0.0,1.6125,1
2025-08-10,Tarda,32.1125,0.0,0.0,9.7375,0
2025-08-11,Matí,28.1125,0.0,0.0,6.275,0
2025-08-11,Nit,26.6375,0.0,0.0,4.2875,0
2025-08-11,Tarda,31.1625,0.0,0.0,7.8125,1
2025-08-12,Matí,27.1875,0.0,0.0,5.8875,0
2025-08-12,Nit,26.225,0.0,0.0,2.7375,0
2025-08-12,Tarda,31.1875,0.0,0.0,8.4375,3
2025-08-13,Matí,26.8125,0.0,0.0,4.7,0
2025-08-13,Nit,26.1375,0.0,0.0,1.95,3
2025-08-13,Tarda,31.15,0.0,0.0,10.0625,3
2025-08-14,Matí,28.2375,0.0,0.0,5.9125,0
2025-08-14,Nit,26.2625,0.0,0.0,3.2,3
2025-08-14,Tarda,33.575,0.0,0.0,11.0125,3
2025-08-15,Matí,28.174999999999997,0.0,0.0,4.6,0
2025-08-15,Nit,26.2875,0.0,0.0,2.575,0
2025-08-15,Tarda,30.575,0.0,0.0,8.7125,0
2025-08-16,Matí,29.925,0.0,0.0,7.675,0
2025-08-16,Nit,26.825,0.0,0.0,6.2875000000000005,0
2025-08-16,Tarda,32.6125,0.0,0.0,9.45,1
2025-08-17,Matí,29.0625,0.0,0.0,7.325,1
2025-08-17,Nit,26.9125,0.0,0.0,5.1875,0
2025-08-17,Tarda,30.3125,0.0,0.0,11.35,2
2025-08-18,Matí,27.975,0.0,0.0,7.575,1
2025-08-18,Nit,26.1875,0.0,0.0,2.3,3
2025-08-18,Tarda,29.8625,0.0,0.0,8.625,3
2025-08-19,Matí,26.9375,0.0,0.0,6.65,3
2025-08-19,Nit,26.4875,0.0,0.0,3.8625,3
2025-08-19,Tarda,27.7625,0.2,0.2,9.7,51
2025-08-20,Matí,24.275,1.1,1.1,8.1125,53
2025-08-20,Nit,23.05,2.4,2.4,7.4375,61
2025-08-20,Tarda,25.2875,14.6,14.6,8.4625,63
2025-08-21,Matí,21.35,0.0,0.0,4.9125,2
2025-08-21,Nit,19.875,0.1,0.1,5.6875,51
2025-08-21,Tarda,25.1125,0.0,0.0,11.325,1
2025-08-22,Matí,22.6125,0.2,0.2,5.2250000000000005,51
2025-08-22,Nit,21.7125,0.0,0.0,3.7375,1
2025-08-22,Tarda,24.975,1.7,1.7,11.0625,55
2025-08-23,Matí,22.8,0.4,0.4,4.3,51
2025-08-23,Nit,21.65,0.0,0.0,3.7625,1
2025-08-23,Tarda,26.5375,0.2,0.2,12.55,51
2025-08-24,Matí,23.4375,0.4,0.4,5.775,51
2025-08-24,Nit,21.825,0.0,0.0,3.2375,0
2025-08-24,Tarda,27.1625,0.3,0.3,10.275,51
2025-08-25,Matí,24.15,0.2,0.2,5.075,51
2025-08-25,Nit,23.474999999999998,0.0,0.0,4.95,3
2025-08-25,Tarda,26.425,1.2,1.2,7.7,53
2025-08-26,Matí,25.15,0.0,0.0,4.725,0
2025-08-26,Nit,23.375,0.0,0.0,4.3125,3
2025-08-26,Tarda,27.4375,0.0,0.0,9.200000000000001,1
2025-08-27,Matí,24.8375,0.4,0.4,8.8125,51
2025-08-27,Nit,23.7125,0.0,0.0,5.9125,2
2025-08-27,Tarda,28.2625,0.0,0.0,16.4,3
2025-08-28,Matí,23.3875,2.5,2.5,5.175000000000001,61
2025-08-28,Nit,23.05,0.0,0.0,2.15,3
2025-08-28,Tarda,23.6,4.7,4.7,5.8625,63
2025-08-29,Matí,21.2625,0.0,0.0,10.025,3
2025-08-29,Nit,21.0125,1.4,1.4,6.65,53
2025-08-29,Tarda,27.2,0.0,0.0,13.3625,0
2025-08-30,Matí,21.175,0.0,0.0,6.775,0
2025-08-30,Nit,20.275,0.0,0.0,5.7875,3
2025-08-30,Tarda,24.9625,0.0,0.0,11.725,3
2025-08-31,Matí,23.1875,0.0,0.0,6.1,2
2025-08-31,Nit,22.6375,0.2,0.2,7.1,51
2025-08-31,Tarda,27.6875,0.30000000000000004,0.30000000000000004,13.9375,51
2025-09-01,Matí,21.6875,0.30000000000000004,0.30000000000000004,5.7125,51
2025-09-01,Nit,22.1875,10.4,10.4,7.0125,63
2025-09-01,Tarda,25.4125,0.1,0.1,10.65,51
2025-09-02,Matí,20.4,0.0,0.0,9.5875,3
2025-09-02,Nit,19.6375,0.0,0.0,5.3,3
2025-09-02,Tarda,25.825,0.0,0.0,15.225,3
2025-09-03,Matí,20.6625,0.0,0.0,6.9875,0
2025-09-03,Nit,19.975,0.0,0.0,4.65,3
2025-09-03,Tarda,26.425,0.0,0.0,17.5,0
2025-09-04,Matí,22.7625,0.0,0.0,6.525,3
2025-09-04,Nit,21.125,0.2,0.2,5.1125,51
2025-09-04,Tarda,27.3625,0.0,0.0,14.25,2
2025-09-05,Matí,22.1625,0.0,0.0,4.725,3
2025-09-05,Nit,22.0,0.1,0.1,6.3125,51
2025-09-05,Tarda,24.6125,0.0,0.0,11.6,3
2025-09-06,Matí,21.4125,0.0,0.0,5.3125,3
2025-09-06,Nit,20.1875,0.0,0.0,5.05,3
2025-09-06,Tarda,25.712500000000002,0.0,0.0,9.425,3
2025-09-07,Matí,23.6125,0.0,0.0,5.4625,3
2025-09-07,Nit,22.6375,0.0,0.0,7.0875,3
2025-09-07,Tarda,27.2625,0.0,0.0,9.2875,3
2025-09-08,Matí,24.4125,0.0,0.0,10.3125,3
2025-09-08,Nit,23.525,0.4,0.4,6.1,51
2025-09-08,Tarda,25.5375,0.0,0.0,11.05,3
2025-09-09,Matí,20.8625,23.4,23.4,4.4375,63
2025-09-09,Nit,21.1875,3.2,3.2,6.275,63
2025-09-09,Tarda,23.275,0.30000000000000004,0.30000000000000004,8.8125,51
2025-09-10,Matí,20.7375,0.0,0.0,6.4375,3
2025-09-10,Nit,20.3875,0.1,0.1,5.324999999999999,51
2025-09-10,Tarda,26.8375,0.0,0.0,15.3375,3
2025-09-11,Matí,21.2375,5.3,5.3,11.525,63
2025-09-11,Nit,19.8875,0.1,0.1,6.15,51
2025-09-11,Tarda,22.7375,3.4,3.4,14.5,53
2025-09-12,Matí,21.2,1.1,1.1,7.175,53
2025-09-12,Nit,19.75,0.0,0.0,5.9125,3
2025-09-12,Tarda,22.8,0.5,0.5,13.1,51
2025-09-13,Matí,20.275,87.8,87.8,4.825,65
2025-09-13,Nit,20.625,10.3,10.3,7.175,65
2025-09-13,Tarda,22.975,1.3,1.3,4.275,61
2025-09-14,Matí,22.3375,0.0,0.0,4.6625,3
2025-09-14,Nit,21.4,0.0,0.0,5.325,3
2025-09-14,Tarda,23.45,0.0,0.0,7.4,3
2025-09-15,Matí,22.7125,0.0,0.0,6.525,1
2025-09-15,Nit,21.175,0.0,0.0,2.4875,2
2025-09-15,Tarda,26.099999999999998,0.0,0.0,12.5375,0
2025-09-16,Matí,23.075,0.4,0.4,4.2125,51
2025-09-16,Nit,22.35,0.0,0.0,3.9625,3
2025-09-16,Tarda,24.0125,0.0,0.0,8.925,3
2025-09-17,Matí,23.15,0.0,0.0,3.8375,3
2025-09-17,Nit,21.95,0.0,0.0,3.2875,3
2025-09-17,Tarda,26.025,0.0,0.0,9.6125,3
2025-09-18,Matí,22.575,0.0,0.0,5.2625,3
2025-09-18,Nit,21.75,0.0,0.0,4.1375,3
2025-09-18,Tarda,25.7,0.0,0.0,7.3375,2
2025-09-19,Matí,22.5625,0.0,0.0,4.6375,3
2025-09-19,Nit,22.0375,0.0,0.0,3.475,3
2025-09-19,Tarda,25.7,0.0,0.0,8.6625,1
2025-09-20,Matí,23.475,0.5,0.5,6.4,51
2025-09-20,Nit,22.2875,0.0,0.0,5.2625,3
2025-09-20,Tarda,25.6125,0.4,0.4,11.2125,51
2025-09-21,Matí,23.7375,0.1,0.1,5.4875,51
2025-09-21,Nit,21.325,26.0,26.0,6.9875,65
2025-09-21,Tarda,22.25,9.5,9.5,9.225,63
2025-09-22,Matí,17.6875,0.0,0.0,7.6625,0
2025-09-22,Nit,18.0375,10.9,10.9,4.5,65
2025-09-22,Tarda,21.3,0.0,0.0,8.9875,0
2025-09-23,Matí,15.925,0.0,0.0,6.9875,0
2025-09-23,Nit,15.6,4.8,4.8,7.125,63
2025-09-23,Tarda,19.3125,3.0,3.0,11.7875,61
2025-09-24,Matí,15.4375,0.5,0.5,5.8,51
2025-09-24,Nit,14.825,1.7999999999999998,1.7999999999999998,6.475,53
2025-09-24,Tarda,19.3625,0.0,0.0,10.55,3
2025-09-25,Matí,17.3,0.2,0.2,9.3625,51
2025-09-25,Nit,16.275000000000002,0.30000000000000004,0.30000000000000004,5.6375,51
2025-09-25,Tarda,19.8375,0.0,0.0,8.95,3
2025-09-26,Matí,16.975,0.0,0.0,6.05,0
2025-09-26,Nit,15.7375,2.3,2.3,7.125,61
2025-09-26,Tarda,20.425,0.30000000000000004,0.30000000000000004,6.3625,51
2025-09-27,Matí,17.8875,0.0,0.0,4.5875,3
2025-09-27,Nit,16.75,0.0,0.0,5.2375,3
2025-09-27,Tarda,21.875,0.0,0.0,8.2125,2
2025-09-28,Matí,19.625,0.0,0.0,8.8625,3
2025-09-28,Nit,18.575,0.3,0.3,7.7125,51
2025-09-28,Tarda,21.3875,0.0,0.0,14.425,3
2025-09-29,Matí,18.5125,0.0,0.0,8.7,3
2025-09-29,Nit,17.825,0.30000000000000004,0.30000000000000004,5.125,51
2025-09-29,Tarda,21.55,0.0,0.0,10.4,3
2025-09-30,Matí,18.3625,0.0,0.0,4.5375,2
2025-09-30,Nit,17.0875,0.0,0.0,3.5625,3
2025-09-30,Tarda,21.4,0.0,0.0,6.7625,2
2025-10-01,Matí,18.3625,0.1,0.1,4.3125,51
2025-10-01,Nit,17.6625,0.0,0.0,2.7874999999999996,2
2025-10-01,Tarda,21.7125,0.2,0.2,8.3875,51
2025-10-02,Matí,18.875,0.1,0.1,6.0,51
2025-10-02,Nit,18.05,1.2,1.2,2.875,53
2025-10-02,Tarda,20.8875,0.0,0.0,8.65,2
2025-10-03,Matí,17.9,0.0,0.0,4.2,3
2025-10-03,Nit,17.4875,0.0,0.0,3.8625000000000003,3
2025-10-03,Tarda,22.2875,0.1,0.1,6.25,51
2025-10-04,Matí,19.1,0.0,0.0,4.45,3
2025-10-04,Nit,18.35,0.0,0.0,3.225,3
2025-10-04,Tarda,23.7875,0.0,0.0,7.8,3
2025-10-05,Matí,17.925,5.5,5.5,5.0125,61
2025-10-05,Nit,19.625,0.30000000000000004,0.30000000000000004,12.912500000000001,51
2025-10-05,Tarda,20.3,0.4,0.4,7.9625,51
2025-10-06,Matí,16.475,0.0,0.0,5.3125,3
2025-10-06,Nit,16.725,0.4,0.4,7.175,51
2025-10-06,Tarda,20.4875,0.0,0.0,11.5375,2
2025-10-07,Matí,16.3625,0.0,0.0,5.5625,3
2025-10-07,Nit,15.1375,0.0,0.0,5.95,3
2025-10-07,Tarda,21.525,0.0,0.0,7.612500000000001,3
2025-10-08,Matí,17.9625,0.0,0.0,5.3,3
2025-10-08,Nit,17.075,0.0,0.0,5.05,3
2025-10-08,Tarda,22.075,0.0,0.0,5.05,3
2025-10-09,Matí,18.25,4.2,4.2,3.175,63
2025-10-09,Nit,17.575,0.0,0.0,3.3875,3
2025-10-09,Tarda,20.0625,2.8000000000000003,2.8000000000000003,3.75,61
2025-10-10,Matí,18.3125,0.0,0.0,4.2,3
2025-10-10,Nit,17.2125,0.1,0.1,5.2125,51
2025-10-10,Tarda,22.1625,0.0,0.0,16.0375,0
2025-10-11,Matí,19.9875,0.0,0.0,13.4625,1
2025-10-11,Nit,18.575,0.0,0.0,9.3,1
2025-10-11,Tarda,22.2,0.0,0.0,17.8,3
2025-10-12,Matí,18.9,0.4,0.4,12.2125,51
2025-10-12,Nit,18.225,0.0,0.0,8.975,3
2025-10-12,Tarda,20.974999999999998,0.6000000000000001,0.6000000000000001,13.9125,51
2025-10-13,Matí,18.425,0.9,0.9,7.1875,51
2025-10-13,Nit,18.1375,0.1,0.1,5.625,51
2025-10-13,Tarda,20.3375,5.3999999999999995,5.3999999999999995,7.4125,63
2025-10-14,Matí,18.1125,1.1,1.1,4.825,53
2025-10-14,Nit,17.3875,9.8,9.8,5.8500000000000005,63
2025-10-14,Tarda,20.5625,1.8,1.8,7.6375,53
2025-10-15,Matí,17.3125,0.0,0.0,3.6875,1
2025-10-15,Nit,16.3125,0.0,0.0,4.1125,2
2025-10-15,Tarda,20.1375,0.4,0.4,6.2,51
2025-10-16,Matí,16.925,0.0,0.0,4.7,1
2025-10-16,Nit,16.0,0.0,0.0,3.875,1
2025-10-16,Tarda,19.05,0.0,0.0,5.325,2
2025-10-17,Matí,16.9125,0.0,0.0,3.6875,3
2025-10-17,Nit,15.9125,1.3,1.3,3.7874999999999996,53
2025-10-17,Tarda,18.225,0.9,0.9,2.8875,51
2025-10-18,Matí,16.8125,0.2,0.2,3.125,51
2025-10-18,Nit,15.8875,0.5,0.5,3.175,53
2025-10-18,Tarda,19.5,1.0,1.0,6.1,51
2025-10-19,Matí,16.4875,0.0,0.0,4.7250000000000005,3
2025-10-19,Nit,16.825,0.4,0.4,5.725,51
2025-10-19,Tarda,21.325,0.0,0.0,16.4625,3
2025-10-20,Matí,19.95,9.2,9.2,11.6875,63
2025-10-20,Nit,19.4625,0.9,0.9,13.5875,53
2025-10-20,Tarda,22.7875,0.1,0.1,9.0375,51
2025-10-21,Matí,17.5875,0.0,0.0,8.2375,0
2025-10-21,Nit,16.4625,0.0,0.0,4.3,3
2025-10-21,Tarda,23.375,0.0,0.0,10.0625,1
2025-10-22,Matí,20.6875,0.0,0.0,6.4375,3
2025-10-22,Nit,18.425,0.0,0.0,8.3,3
2025-10-22,Tarda,24.525,0.0,0.0,9.275,3
2025-10-23,Matí,23.775,0.0,0.0,23.575,3
2025-10-23,Nit,20.2,0.0,0.0,14.75,3
2025-10-23,Tarda,22.8625,0.0,0.0,23.8875,2
2025-10-24,Matí,14.9,0.0,0.0,10.3375,1
2025-10-24,Nit,15.55,0.0,0.0,10.175,3
2025-10-24,Tarda,20.9625,0.0,0.0,7.675000000000001,3
2025-10-25,Matí,15.975,3.4,3.4,4.9875,63
2025-10-25,Nit,16.1375,0.0,0.0,5.1375,3
2025-10-25,Tarda,21.325,0.0,0.0,8.625,3
2025-10-26,Matí,15.525,2.1,2.1,7.9125,53
2025-10-26,Nit,16.8875,0.0,0.0,3.5625,3
2025-10-26,Tarda,16.6125,0.0,0.0,5.45,1
2025-10-27,Matí,12.0375,0.0,0.0,10.1875,1
2025-10-27,Nit,12.7375,0.0,0.0,6.6,2
2025-10-27,Tarda,17.475,0.0,0.0,4.4625,1
2025-10-28,Matí,12.9,0.0,0.0,6.95,0
2025-10-28,Nit,11.5625,0.0,0.0,6.7,0
2025-10-28,Tarda,18.3375,0.0,0.0,6.95,0
2025-10-29,Matí,13.8125,0.30000000000000004,0.30000000000000004,6.15,51
2025-10-29,Nit,12.8375,0.0,0.0,5.725,3
2025-10-29,Tarda,19.75,0.7,0.7,10.6,51
2025-10-30,Matí,16.3625,0.0,0.0,7.075,1
2025-10-30,Nit,16.4625,0.5,0.5,6.0,51
2025-10-30,Tarda,20.05,0.0,0.0,12.4375,1
2025-10-31,Matí,14.5875,0.0,0.0,6.0625,3
2025-10-31,Nit,14.5625,0.0,0.0,5.6875,3
2025-10-31,Tarda,20.7125,0.0,0.0,10.5875,3
2025-11-01,Matí,15.65,0.0,0.0,7.1125,3
2025-11-01,Nit,14.4375,0.0,0.0,6.3375,3
2025-11-01,Tarda,20.0625,0.0,0.0,11.75,3
2025-11-02,Matí,17.325,0.0,0.0,5.6625,3
2025-11-02,Nit,14.825,0.0,0.0,6.475,3
2025-11-02,Tarda,20.3125,0.0,0.0,11.3625,3
2025-11-03,Matí,13.85,0.0,0.0,5.675,2
2025-11-03,Nit,14.1375,0.0,0.0,6.2625,1
2025-11-03,Tarda,17.8375,0.1,0.1,7.95,51
2025-11-04,Matí,12.6,0.0,0.0,6.15,1
2025-11-04,Nit,12.5875,0.0,0.0,5.2125,3
2025-11-04,Tarda,18.7625,0.1,0.1,9.125,51
2025-11-05,Matí,14.0875,0.0,0.0,4.35,3
2025-11-05,Nit,13.4875,0.0,0.0,4.4,3
2025-11-05,Tarda,18.475,2.0,2.0,7.5125,53
2025-11-06,Matí,15.875,12.9,12.9,3.8625,63
2025-11-06,Nit,16.5125,0.1,0.1,5.3125,51
2025-11-06,Tarda,17.2125,0.0,0.0,12.1625,3
2025-11-07,Matí,13.25,0.0,0.0,8.6,3
2025-11-07,Nit,12.1,0.0,0.0,5.4625,3
2025-11-07,Tarda,17.15,0.0,0.0,6.4125,3
2025-11-08,Matí,11.7875,1.5,1.5,4.825,53
2025-11-08,Nit,11.0,0.0,0.0,5.0625,3
2025-11-08,Tarda,15.25,0.0,0.0,5.0625,3
2025-11-09,Matí,11.8375,0.0,0.0,9.6,0
2025-11-09,Nit,11.0625,0.0,0.0,8.0625,1
2025-11-09,Tarda,16.0625,0.0,0.0,5.9375,0
2025-11-10,Matí,11.075,0.0,0.0,8.2875,3
2025-11-10,Nit,9.925,0.0,0.0,7.3875,3
2025-11-10,Tarda,16.6,0.0,0.0,7.125,3
2025-11-11,Matí,10.4375,0.0,0.0,6.75,3
2025-11-11,Nit,9.8375,0.0,0.0,6.1,1
2025-11-11,Tarda,17.225,0.0,0.0,8.2375,3
2025-11-12,Matí,12.7875,0.0,0.0,4.3125,3
2025-11-12,Nit,11.7,0.0,0.0,5.3875,3
2025-11-12,Tarda,17.95,0.0,0.0,5.85,3
2025-11-13,Matí,16.3375,0.0,0.0,13.325,3
2025-11-13,Nit,15.625,0.0,0.0,9.2125,3
2025-11-13,Tarda,19.3125,0.0,0.0,17.5,3
2025-11-14,Matí,17.7375,0.3,0.3,7.475,51
2025-11-14,Nit,16.65,0.0,0.0,8.4625,3
2025-11-14,Tarda,19.425,0.0,0.0,9.275,3
2025-11-15,Matí,16.7,0.0,0.0,8.525,2
2025-11-15,Nit,16.375,0.1,0.1,7.4375,51
2025-11-15,Tarda,19.5625,0.0,0.0,12.4,3
2025-11-16,Matí,16.7,0.0,0.0,10.8625,3
2025-11-16,Nit,15.25,1.4,1.4,6.3375,55
2025-11-16,Tarda,18.775,0.0,0.0,11.5,3
2025-11-17,Matí,12.775,0.0,0.0,5.7875,3
2025-11-17,Nit,12.5875,0.0,0.0,6.6125,1
2025-11-17,Tarda,16.7375,0.2,0.2,4.8875,51
2025-11-18,Matí,11.2375,0.0,0.0,7.3125,1
2025-11-18,Nit,11.1375,0.1,0.1,4.325,51
2025-11-18,Tarda,14.9375,0.0,0.0,5.625,0
2025-11-19,Matí,7.3999999999999995,0.0,0.0,10.9375,3
2025-11-19,Nit,8.0,0.0,0.0,7.775,2
2025-11-19,Tarda,11.4375,0.0,0.0,11.9375,2
2025-11-20,Matí,6.8,0.0,0.0,7.45,3
2025-11-20,Nit,6.125,0.0,0.0,6.5874999999999995,1
2025-11-20,Tarda,10.4875,0.9,0.9,5.8125,51
2025-11-21,Matí,5.8375,0.0,0.0,10.6,0
2025-11-21,Nit,6.4625,0.0,0.0,8.174999999999999,2
2025-11-21,Tarda,9.75,0.0,0.0,18.7875,1
2025-11-22,Matí,7.4125,0.0,0.0,19.4,0
2025-11-22,Nit,6.0625,0.0,0.0,12.65,3
2025-11-22,Tarda,11.9,0.0,0.0,10.2,3
2025-11-23,Matí,7.1125,0.0,0.0,8.15,3
2025-11-23,Nit,7.7,0.0,0.0,8.1375,3
2025-11-23,Tarda,14.175,0.0,0.0,7.487500000000001,3
2025-11-24,Matí,13.775,0.0,0.0,11.3875,3
2025-11-24,Nit,12.9,0.0,0.0,9.0125,3
2025-11-24,Tarda,17.825,0.0,0.0,19.2375,3
2025-11-25,Matí,10.625,0.0,0.0,11.0375,2
2025-11-25,Nit,12.1625,0.0,0.0,8.9,3
2025-11-25,Tarda,14.0625,0.0,0.0,6.262499999999999,3
2025-11-26,Matí,9.2875,0.0,0.0,13.4625,0
2025-11-26,Nit,9.275,0.0,0.0,14.525,0
2025-11-26,Tarda,13.15,0.0,0.0,16.5125,0
2025-11-27,Matí,6.7875,0.0,0.0,10.0125,1
2025-11-27,Nit,7.3500000000000005,0.0,0.0,10.725,0
2025-11-27,Tarda,11.1125,0.0,0.0,3.825,0
2025-11-28,Matí,5.7875,0.0,0.0,5.8375,3
2025-11-28,Nit,5.2749999999999995,0.0,0.0,7.0,3
2025-11-28,Tarda,12.45,0.0,0.0,4.65,1
2025-11-29,Matí,6.7625,0.0,0.0,8.4,3
2025-11-29,Nit,6.825,0.0,0.0,6.675,3
2025-11-29,Tarda,14.5625,0.0,0.0,9.225,3
2025-11-30,Matí,8.425,0.0,0.0,6.45,3
2025-11-30,Nit,7.4125,0.0,0.0,6.2875,3
2025-11-30,Tarda,13.1,0.0,0.0,3.3375,3
2025-12-01,Matí,7.4375,0.0,0.0,8.7875,0
2025-12-01,Nit,6.762499999999999,0.0,0.0,5.5625,3
2025-12-01,Tarda,13.200000000000001,0.0,0.0,6.9875,2
2025-12-02,Matí,8.4375,0.0,0.0,6.55,3
2025-12-02,Nit,7.3875,0.0,0.0,7.275,3
2025-12-02,Tarda,13.9625,0.0,0.0,9.0375,3
2025-12-03,Matí,8.1375,0.3,0.3,8.799999999999999,51
2025-12-03,Nit,8.3375,0.1,0.1,8.7125,51
2025-12-03,Tarda,12.799999999999999,0.0,0.0,9.775,0
2025-12-04,Matí,7.0875,0.0,0.0,8.1125,3
2025-12-04,Nit,6.9125,0.0,0.0,9.0625,3
2025-12-04,Tarda,9.525,1.5999999999999999,1.5999999999999999,9.1625,53
2025-12-05,Matí,8.4,0.0,0.0,6.4875,3
2025-12-05,Nit,7.425000000000001,0.0,0.0,8.05,3
2025-12-05,Tarda,13.4,0.0,0.0,5.275,3
2025-12-06,Matí,9.725,0.0,0.0,8.2125,3
2025-12-06,Nit,7.75,0.0,0.0,4.95,3
2025-12-06,Tarda,15.975,0.0,0.0,3.7874999999999996,3
2025-12-07,Matí,9.6125,0.0,0.0,9.625,3
2025-12-07,Nit,9.6375,0.0,0.0,5.6125,3
2025-12-07,Tarda,17.0875,0.0,0.0,8.05,3
2025-12-08,Matí,9.85,0.0,0.0,8.825,0
2025-12-08,Nit,9.9375,0.0,0.0,8.2375,0
2025-12-08,Tarda,15.8875,0.0,0.0,7.4,0
2025-12-09,Matí,7.825,0.0,0.0,6.0,0
2025-12-09,Nit,8.425,0.0,0.0,6.3625,3
2025-12-09,Tarda,14.9,0.0,0.0,10.1125,2
2025-12-10,Matí,9.225000000000001,0.0,0.0,5.9875,3
2025-12-10,Nit,8.575,0.0,0.0,5.525,3
2025-12-10,Tarda,16.175,0.0,0.0,7.6,3
2025-12-11,Matí,8.5875,0.0,0.0,5.4875,2
2025-12-11,Nit,8.8125,0.0,0.0,4.1,3
2025-12-11,Tarda,14.525,0.0,0.0,5.4375,3
2025-12-12,Matí,9.575,0.0,0.0,5.6625,3
2025-12-12,Nit,10.525,0.0,0.0,6.25,3
2025-12-12,Tarda,14.925,0.2,0.2,4.0125,51
2025-12-13,Matí,11.425,0.30000000000000004,0.30000000000000004,7.8125,51
2025-12-13,Nit,11.55,0.0,0.0,7.4625,3
2025-12-13,Tarda,15.15,0.0,0.0,10.725,3
2025-12-14,Matí,7.625,0.0,0.0,7.3125,3
2025-12-14,Nit,9.5125,1.7000000000000002,1.7000000000000002,7.5249999999999995,55
2025-12-14,Tarda,13.9375,0.6,0.6,10.7625,51
2025-12-15,Matí,12.4375,15.5,15.5,11.6,63
2025-12-15,Nit,11.6375,6.9,6.9,7.95,63
2025-12-15,Tarda,13.1625,14.2,14.2,9.6625,65
2025-12-16,Matí,10.5,0.9,0.9,5.9,53
2025-12-16,Nit,10.4625,0.30000000000000004,0.30000000000000004,5.0375,51
2025-12-16,Tarda,13.4375,0.8,0.8,10.1875,51
2025-12-17,Matí,10.9,0.0,0.0,5.575,0
2025-12-17,Nit,11.6875,0.1,0.1,7.2375,51
2025-12-17,Tarda,14.25,0.0,0.0,7.2625,1
2025-12-18,Matí,8.8,0.0,0.0,5.4625,3
2025-12-18,Nit,8.8875,0.0,0.0,4.7375,3
2025-12-18,Tarda,13.975,0.0,0.0,5.8875,1
2025-12-19,Matí,8.8875,0.0,0.0,6.9875,3
2025-12-19,Nit,9.7625,1.2,1.2,4.5625,53
2025-12-19,Tarda,14.55,0.3,0.3,3.0625,51
2025-12-20,Matí,12.225,8.1,8.1,5.15,63
2025-12-20,Nit,11.8625,2.4,2.4,3.775,53
2025-12-20,Tarda,13.425,1.5,1.5,5.15,53
2025-12-21,Matí,10.5,0.0,0.0,5.6,3
2025-12-21,Nit,11.9375,2.0,2.0,4.075,53
2025-12-21,Tarda,13.675,1.2000000000000002,1.2000000000000002,9.175,53
2025-12-22,Matí,8.125,4.6,4.6,15.05,61
2025-12-22,Nit,9.8875,6.0,6.0,6.5125,63
2025-12-22,Tarda,9.4375,0.0,0.0,6.9875,3
2025-12-23,Matí,6.425,2.4,2.4,9.6625,53
2025-12-23,Nit,7.1875,0.2,0.2,7.3875,51
2025-12-23,Tarda,8.4125,2.0,2.0,10.8125,61
2025-12-24,Matí,6.949999999999999,0.0,0.0,9.3375,3
2025-12-24,Nit,8.375,0.0,0.0,8.5375,3
2025-12-24,Tarda,11.9375,0.0,0.0,9.225,3
2025-12-25,Matí,8.65,1.5,1.5,4.875,53
2025-12-25,Nit,8.6625,1.8,1.8,10.274999999999999,53
2025-12-25,Tarda,11.325,2.4,2.4,10.625,55
2025-12-26,Matí,11.5625,3.9,3.9,22.650000000000002,61
2025-12-26,Nit,10.975,3.4,3.4,20.8,61
2025-12-26,Tarda,11.7625,7.3,7.3,17.3875,61
2025-12-27,Matí,11.8125,1.4,1.4,22.6,51
2025-12-27,Nit,11.25,4.9,4.9,16.875,63
2025-12-27,Tarda,11.825,38.1,38.1,24.5125,65
2025-12-28,Matí,11.4125,0.0,0.0,9.7,1
2025-12-28,Nit,11.3875,0.8,0.8,12.662500000000001,51
2025-12-28,Tarda,13.8125,0.0,0.0,12.9375,3
2025-12-29,Matí,11.0,12.1,12.1,7.15,63
2025-12-29,Nit,9.8875,7.3,7.3,5.475,63
2025-12-29,Tarda,12.325,0.5,0.5,2.7624999999999997,51
2025-12-30,Matí,8.525,0.0,0.0,10.2875,0
2025-12-30,Nit,7.3125,0.0,0.0,5.6875,2
2025-12-30,Tarda,11.925,0.0,0.0,7.5625,0
2025-12-31,Matí,7.5125,0.0,0.0,6.7625,3
2025-12-31,Nit,6.7875000000000005,0.2,0.2,7.4875,51
2025-12-31,Tarda,10.6625,0.0,0.0,3.7,3
